PassengerId,Survived,Name,Age,SibSp,Parch,Fare,female,male,Pclass_1,Pclass_2,Pclass_3,Dr,Master,Miss,Mr,Mrs,Nobility,Officer,big_family,small_family,solo,C,Q,S
1,0.0,"Braund, Mr. Owen Harris",22.0,1,0,7.25,0,1,0,0,1,0,0,0,1,0,0,0,0,1,0,0,0,1
2,1.0,"Cumings, Mrs. John Bradley (Florence Briggs Thayer)",38.0,1,0,71.2833,1,0,1,0,0,0,0,0,0,1,0,0,0,1,0,1,0,0
3,1.0,"Heikkinen, Miss. Laina",26.0,0,0,7.925,1,0,0,0,1,0,0,1,0,0,0,0,0,0,1,0,0,1
4,1.0,"Futrelle, Mrs. Jacques Heath (Lily May Peel)",35.0,1,0,53.1,1,0,1,0,0,0,0,0,0,1,0,0,0,1,0,0,0,1
5,0.0,"Allen, Mr. William Henry",35.0,0,0,8.05,0,1,0,0,1,0,0,0,1,0,0,0,0,0,1,0,0,1
6,0.0,"Moran, Mr. James",33.0,0,0,8.4583,0,1,0,0,1,0,0,0,1,0,0,0,0,0,1,0,1,0
7,0.0,"McCarthy, Mr. Timothy J",54.0,0,0,51.8625,0,1,1,0,0,0,0,0,1,0,0,0,0,0,1,0,0,1
8,0.0,"Palsson, Master. Gosta Leonard",2.0,3,1,21.075,0,1,0,0,1,0,1,0,0,0,0,0,1,0,0,0,0,1
9,1.0,"Johnson, Mrs. Oscar W (Elisabeth Vilhelmina Berg)",27.0,0,2,11.1333,1,0,0,0,1,0,0,0,0,1,0,0,0,1,0,0,0,1
10,1.0,"Nasser, Mrs. Nicholas (Adele Achem)",14.0,1,0,30.0708,1,0,0,1,0,0,0,0,0,1,0,0,0,1,0,1,0,0
11,1.0,"Sandstrom, Miss. Marguerite Rut",4.0,1,1,16.7,1,0,0,0,1,0,0,1,0,0,0,0,0,1,0,0,0,1
12,1.0,"Bonnell, Miss. Elizabeth",58.0,0,0,26.55,1,0,1,0,0,0,0,1,0,0,0,0,0,0,1,0,0,1
13,0.0,"Saundercock, Mr. William Henry",20.0,0,0,8.05,0,1,0,0,1,0,0,0,1,0,0,0,0,0,1,0,0,1
14,0.0,"Andersson, Mr. Anders Johan",39.0,1,5,31.275,0,1,0,0,1,0,0,0,1,0,0,0,1,0,0,0,0,1
15,0.0,"Vestrom, Miss. Hulda Amanda Adolfina",14.0,0,0,7.8542,1,0,0,0,1,0,0,1,0,0,0,0,0,0,1,0,0,1
16,1.0,"Hewlett, Mrs. (Mary D Kingcome) ",55.0,0,0,16.0,1,0,0,1,0,0,0,0,0,1,0,0,0,0,1,0,0,1
17,0.0,"Rice, Master. Eugene",2.0,4,1,29.125,0,1,0,0,1,0,1,0,0,0,0,0,1,0,0,0,1,0
18,1.0,"Williams, Mr. Charles Eugene",32.0,0,0,13.0,0,1,0,1,0,0,0,0,1,0,0,0,0,0,1,0,0,1
19,0.0,"Vander Planke, Mrs. Julius (Emelia Maria Vandemoortele)",31.0,1,0,18.0,1,0,0,0,1,0,0,0,0,1,0,0,0,1,0,0,0,1
20,1.0,"Masselmani, Mrs. Fatima",32.0,0,0,7.225,1,0,0,0,1,0,0,0,0,1,0,0,0,0,1,1,0,0
21,0.0,"Fynney, Mr. Joseph J",35.0,0,0,26.0,0,1,0,1,0,0,0,0,1,0,0,0,0,0,1,0,0,1
22,1.0,"Beesley, Mr. Lawrence",34.0,0,0,13.0,0,1,0,1,0,0,0,0,1,0,0,0,0,0,1,0,0,1
23,1.0,"McGowan, Miss. Anna ""Annie""",15.0,0,0,8.0292,1,0,0,0,1,0,0,1,0,0,0,0,0,0,1,0,1,0
24,1.0,"Sloper, Mr. William Thompson",28.0,0,0,35.5,0,1,1,0,0,0,0,0,1,0,0,0,0,0,1,0,0,1
25,0.0,"Palsson, Miss. Torborg Danira",8.0,3,1,21.075,1,0,0,0,1,0,0,1,0,0,0,0,1,0,0,0,0,1
26,1.0,"Asplund, Mrs. Carl Oscar (Selma Augusta Emilia Johansson)",38.0,1,5,31.3875,1,0,0,0,1,0,0,0,0,1,0,0,1,0,0,0,0,1
27,0.0,"Emir, Mr. Farred Chehab",27.0,0,0,7.225,0,1,0,0,1,0,0,0,1,0,0,0,0,0,1,1,0,0
28,0.0,"Fortune, Mr. Charles Alexander",19.0,3,2,263.0,0,1,1,0,0,0,0,0,1,0,0,0,1,0,0,0,0,1
29,1.0,"O'Dwyer, Miss. Ellen ""Nellie""",21.0,0,0,7.8792,1,0,0,0,1,0,0,1,0,0,0,0,0,0,1,0,1,0
30,0.0,"Todoroff, Mr. Lalio",27.0,0,0,7.8958,0,1,0,0,1,0,0,0,1,0,0,0,0,0,1,0,0,1
31,0.0,"Uruchurtu, Don. Manuel E",40.0,0,0,27.7208,0,1,1,0,0,0,0,0,0,0,1,0,0,0,1,1,0,0
32,1.0,"Spencer, Mrs. William Augustus (Marie Eugenie)",35.0,1,0,146.5208,1,0,1,0,0,0,0,0,0,1,0,0,0,1,0,1,0,0
33,1.0,"Glynn, Miss. Mary Agatha",24.0,0,0,7.75,1,0,0,0,1,0,0,1,0,0,0,0,0,0,1,0,1,0
34,0.0,"Wheadon, Mr. Edward H",66.0,0,0,10.5,0,1,0,1,0,0,0,0,1,0,0,0,0,0,1,0,0,1
35,0.0,"Meyer, Mr. Edgar Joseph",28.0,1,0,82.1708,0,1,1,0,0,0,0,0,1,0,0,0,0,1,0,1,0,0
36,0.0,"Holverson, Mr. Alexander Oskar",42.0,1,0,52.0,0,1,1,0,0,0,0,0,1,0,0,0,0,1,0,0,0,1
37,1.0,"Mamee, Mr. Hanna",25.0,0,0,7.2292,0,1,0,0,1,0,0,0,1,0,0,0,0,0,1,1,0,0
38,0.0,"Cann, Mr. Ernest Charles",21.0,0,0,8.05,0,1,0,0,1,0,0,0,1,0,0,0,0,0,1,0,0,1
39,0.0,"Vander Planke, Miss. Augusta Maria",18.0,2,0,18.0,1,0,0,0,1,0,0,1,0,0,0,0,0,1,0,0,0,1
40,1.0,"Nicola-Yarred, Miss. Jamila",14.0,1,0,11.2417,1,0,0,0,1,0,0,1,0,0,0,0,0,1,0,1,0,0
41,0.0,"Ahlin, Mrs. Johan (Johanna Persdotter Larsson)",40.0,1,0,9.475,1,0,0,0,1,0,0,0,0,1,0,0,0,1,0,0,0,1
42,0.0,"Turpin, Mrs. William John Robert (Dorothy Ann Wonnacott)",27.0,1,0,21.0,1,0,0,1,0,0,0,0,0,1,0,0,0,1,0,0,0,1
43,0.0,"Kraeff, Mr. Theodor",28.0,0,0,7.8958,0,1,0,0,1,0,0,0,1,0,0,0,0,0,1,1,0,0
44,1.0,"Laroche, Miss. Simonne Marie Anne Andree",3.0,1,2,41.5792,1,0,0,1,0,0,0,1,0,0,0,0,1,0,0,1,0,0
45,1.0,"Devaney, Miss. Margaret Delia",19.0,0,0,7.8792,1,0,0,0,1,0,0,1,0,0,0,0,0,0,1,0,1,0
46,0.0,"Rogers, Mr. William John",29.0,0,0,8.05,0,1,0,0,1,0,0,0,1,0,0,0,0,0,1,0,0,1
47,0.0,"Lennon, Mr. Denis",31.0,1,0,15.5,0,1,0,0,1,0,0,0,1,0,0,0,0,1,0,0,1,0
48,1.0,"O'Driscoll, Miss. Bridget",24.0,0,0,7.75,1,0,0,0,1,0,0,1,0,0,0,0,0,0,1,0,1,0
49,0.0,"Samaan, Mr. Youssef",24.0,2,0,21.6792,0,1,0,0,1,0,0,0,1,0,0,0,0,1,0,1,0,0
50,0.0,"Arnold-Franchi, Mrs. Josef (Josefine Franchi)",18.0,1,0,17.8,1,0,0,0,1,0,0,0,0,1,0,0,0,1,0,0,0,1
51,0.0,"Panula, Master. Juha Niilo",7.0,4,1,39.6875,0,1,0,0,1,0,1,0,0,0,0,0,1,0,0,0,0,1
52,0.0,"Nosworthy, Mr. Richard Cater",21.0,0,0,7.8,0,1,0,0,1,0,0,0,1,0,0,0,0,0,1,0,0,1
53,1.0,"Harper, Mrs. Henry Sleeper (Myna Haxtun)",49.0,1,0,76.7292,1,0,1,0,0,0,0,0,0,1,0,0,0,1,0,1,0,0
54,1.0,"Faunthorpe, Mrs. Lizzie (Elizabeth Anne Wilkinson)",29.0,1,0,26.0,1,0,0,1,0,0,0,0,0,1,0,0,0,1,0,0,0,1
55,0.0,"Ostby, Mr. Engelhart Cornelius",65.0,0,1,61.9792,0,1,1,0,0,0,0,0,1,0,0,0,0,1,0,1,0,0
56,1.0,"Woolner, Mr. Hugh",42.0,0,0,35.5,0,1,1,0,0,0,0,0,1,0,0,0,0,0,1,0,0,1
57,1.0,"Rugg, Miss. Emily",21.0,0,0,10.5,1,0,0,1,0,0,0,1,0,0,0,0,0,0,1,0,0,1
58,0.0,"Novel, Mr. Mansouer",28.5,0,0,7.2292,0,1,0,0,1,0,0,0,1,0,0,0,0,0,1,1,0,0
59,1.0,"West, Miss. Constance Mirium",5.0,1,2,27.75,1,0,0,1,0,0,0,1,0,0,0,0,1,0,0,0,0,1
60,0.0,"Goodwin, Master. William Frederick",11.0,5,2,46.9,0,1,0,0,1,0,1,0,0,0,0,0,1,0,0,0,0,1
61,0.0,"Sirayanian, Mr. Orsen",22.0,0,0,7.2292,0,1,0,0,1,0,0,0,1,0,0,0,0,0,1,1,0,0
62,1.0,"Icard, Miss. Amelie",38.0,0,0,80.0,1,0,1,0,0,0,0,1,0,0,0,0,0,0,1,0,0,1
63,0.0,"Harris, Mr. Henry Birkhardt",45.0,1,0,83.475,0,1,1,0,0,0,0,0,1,0,0,0,0,1,0,0,0,1
64,0.0,"Skoog, Master. Harald",4.0,3,2,27.9,0,1,0,0,1,0,1,0,0,0,0,0,1,0,0,0,0,1
65,0.0,"Stewart, Mr. Albert A",37.0,0,0,27.7208,0,1,1,0,0,0,0,0,1,0,0,0,0,0,1,1,0,0
66,1.0,"Moubarek, Master. Gerios",7.0,1,1,15.2458,0,1,0,0,1,0,1,0,0,0,0,0,0,1,0,1,0,0
67,1.0,"Nye, Mrs. (Elizabeth Ramell)",29.0,0,0,10.5,1,0,0,1,0,0,0,0,0,1,0,0,0,0,1,0,0,1
68,0.0,"Crease, Mr. Ernest James",19.0,0,0,8.1583,0,1,0,0,1,0,0,0,1,0,0,0,0,0,1,0,0,1
69,1.0,"Andersson, Miss. Erna Alexandra",17.0,4,2,7.925,1,0,0,0,1,0,0,1,0,0,0,0,1,0,0,0,0,1
70,0.0,"Kink, Mr. Vincenz",26.0,2,0,8.6625,0,1,0,0,1,0,0,0,1,0,0,0,0,1,0,0,0,1
71,0.0,"Jenkin, Mr. Stephen Curnow",32.0,0,0,10.5,0,1,0,1,0,0,0,0,1,0,0,0,0,0,1,0,0,1
72,0.0,"Goodwin, Miss. Lillian Amy",16.0,5,2,46.9,1,0,0,0,1,0,0,1,0,0,0,0,1,0,0,0,0,1
73,0.0,"Hood, Mr. Ambrose Jr",21.0,0,0,73.5,0,1,0,1,0,0,0,0,1,0,0,0,0,0,1,0,0,1
74,0.0,"Chronopoulos, Mr. Apostolos",26.0,1,0,14.4542,0,1,0,0,1,0,0,0,1,0,0,0,0,1,0,1,0,0
75,1.0,"Bing, Mr. Lee",32.0,0,0,56.4958,0,1,0,0,1,0,0,0,1,0,0,0,0,0,1,0,0,1
76,0.0,"Moen, Mr. Sigurd Hansen",25.0,0,0,7.65,0,1,0,0,1,0,0,0,1,0,0,0,0,0,1,0,0,1
77,0.0,"Staneff, Mr. Ivan",27.0,0,0,7.8958,0,1,0,0,1,0,0,0,1,0,0,0,0,0,1,0,0,1
78,0.0,"Moutal, Mr. Rahamin Haim",29.0,0,0,8.05,0,1,0,0,1,0,0,0,1,0,0,0,0,0,1,0,0,1
79,1.0,"Caldwell, Master. Alden Gates",0.83,0,2,29.0,0,1,0,1,0,0,1,0,0,0,0,0,0,1,0,0,0,1
80,1.0,"Dowdell, Miss. Elizabeth",30.0,0,0,12.475,1,0,0,0,1,0,0,1,0,0,0,0,0,0,1,0,0,1
81,0.0,"Waelens, Mr. Achille",22.0,0,0,9.0,0,1,0,0,1,0,0,0,1,0,0,0,0,0,1,0,0,1
82,1.0,"Sheerlinck, Mr. Jan Baptist",29.0,0,0,9.5,0,1,0,0,1,0,0,0,1,0,0,0,0,0,1,0,0,1
83,1.0,"McDermott, Miss. Brigdet Delia",24.0,0,0,7.7875,1,0,0,0,1,0,0,1,0,0,0,0,0,0,1,0,1,0
84,0.0,"Carrau, Mr. Francisco M",28.0,0,0,47.1,0,1,1,0,0,0,0,0,1,0,0,0,0,0,1,0,0,1
85,1.0,"Ilett, Miss. Bertha",17.0,0,0,10.5,1,0,0,1,0,0,0,1,0,0,0,0,0,0,1,0,0,1
86,1.0,"Backstrom, Mrs. Karl Alfred (Maria Mathilda Gustafsson)",33.0,3,0,15.85,1,0,0,0,1,0,0,0,0,1,0,0,1,0,0,0,0,1
87,0.0,"Ford, Mr. William Neal",16.0,1,3,34.375,0,1,0,0,1,0,0,0,1,0,0,0,1,0,0,0,0,1
88,0.0,"Slocovski, Mr. Selman Francis",29.0,0,0,8.05,0,1,0,0,1,0,0,0,1,0,0,0,0,0,1,0,0,1
89,1.0,"Fortune, Miss. Mabel Helen",23.0,3,2,263.0,1,0,1,0,0,0,0,1,0,0,0,0,1,0,0,0,0,1
90,0.0,"Celotti, Mr. Francesco",24.0,0,0,8.05,0,1,0,0,1,0,0,0,1,0,0,0,0,0,1,0,0,1
91,0.0,"Christmann, Mr. Emil",29.0,0,0,8.05,0,1,0,0,1,0,0,0,1,0,0,0,0,0,1,0,0,1
92,0.0,"Andreasson, Mr. Paul Edvin",20.0,0,0,7.8542,0,1,0,0,1,0,0,0,1,0,0,0,0,0,1,0,0,1
93,0.0,"Chaffee, Mr. Herbert Fuller",46.0,1,0,61.175,0,1,1,0,0,0,0,0,1,0,0,0,0,1,0,0,0,1
94,0.0,"Dean, Mr. Bertram Frank",26.0,1,2,20.575,0,1,0,0,1,0,0,0,1,0,0,0,1,0,0,0,0,1
95,0.0,"Coxon, Mr. Daniel",59.0,0,0,7.25,0,1,0,0,1,0,0,0,1,0,0,0,0,0,1,0,0,1
96,0.0,"Shorney, Mr. Charles Joseph",29.0,0,0,8.05,0,1,0,0,1,0,0,0,1,0,0,0,0,0,1,0,0,1
97,0.0,"Goldschmidt, Mr. George B",71.0,0,0,34.6542,0,1,1,0,0,0,0,0,1,0,0,0,0,0,1,1,0,0
98,1.0,"Greenfield, Mr. William Bertram",23.0,0,1,63.3583,0,1,1,0,0,0,0,0,1,0,0,0,0,1,0,1,0,0
99,1.0,"Doling, Mrs. John T (Ada Julia Bone)",34.0,0,1,23.0,1,0,0,1,0,0,0,0,0,1,0,0,0,1,0,0,0,1
100,0.0,"Kantor, Mr. Sinai",34.0,1,0,26.0,0,1,0,1,0,0,0,0,1,0,0,0,0,1,0,0,0,1
101,0.0,"Petranec, Miss. Matilda",28.0,0,0,7.8958,1,0,0,0,1,0,0,1,0,0,0,0,0,0,1,0,0,1
102,0.0,"Petroff, Mr. Pastcho (""Pentcho"")",27.0,0,0,7.8958,0,1,0,0,1,0,0,0,1,0,0,0,0,0,1,0,0,1
103,0.0,"White, Mr. Richard Frasar",21.0,0,1,77.2875,0,1,1,0,0,0,0,0,1,0,0,0,0,1,0,0,0,1
104,0.0,"Johansson, Mr. Gustaf Joel",33.0,0,0,8.6542,0,1,0,0,1,0,0,0,1,0,0,0,0,0,1,0,0,1
105,0.0,"Gustafsson, Mr. Anders Vilhelm",37.0,2,0,7.925,0,1,0,0,1,0,0,0,1,0,0,0,0,1,0,0,0,1
106,0.0,"Mionoff, Mr. Stoytcho",28.0,0,0,7.8958,0,1,0,0,1,0,0,0,1,0,0,0,0,0,1,0,0,1
107,1.0,"Salkjelsvik, Miss. Anna Kristine",21.0,0,0,7.65,1,0,0,0,1,0,0,1,0,0,0,0,0,0,1,0,0,1
108,1.0,"Moss, Mr. Albert Johan",28.0,0,0,7.775,0,1,0,0,1,0,0,0,1,0,0,0,0,0,1,0,0,1
109,0.0,"Rekic, Mr. Tido",38.0,0,0,7.8958,0,1,0,0,1,0,0,0,1,0,0,0,0,0,1,0,0,1
110,1.0,"Moran, Miss. Bertha",17.0,1,0,24.15,1,0,0,0,1,0,0,1,0,0,0,0,0,1,0,0,1,0
111,0.0,"Porter, Mr. Walter Chamberlain",47.0,0,0,52.0,0,1,1,0,0,0,0,0,1,0,0,0,0,0,1,0,0,1
112,0.0,"Zabour, Miss. Hileni",14.5,1,0,14.4542,1,0,0,0,1,0,0,1,0,0,0,0,0,1,0,1,0,0
113,0.0,"Barton, Mr. David John",22.0,0,0,8.05,0,1,0,0,1,0,0,0,1,0,0,0,0,0,1,0,0,1
114,0.0,"Jussila, Miss. Katriina",20.0,1,0,9.825,1,0,0,0,1,0,0,1,0,0,0,0,0,1,0,0,0,1
115,0.0,"Attalah, Miss. Malake",17.0,0,0,14.4583,1,0,0,0,1,0,0,1,0,0,0,0,0,0,1,1,0,0
116,0.0,"Pekoniemi, Mr. Edvard",21.0,0,0,7.925,0,1,0,0,1,0,0,0,1,0,0,0,0,0,1,0,0,1
117,0.0,"Connors, Mr. Patrick",70.5,0,0,7.75,0,1,0,0,1,0,0,0,1,0,0,0,0,0,1,0,1,0
118,0.0,"Turpin, Mr. William John Robert",29.0,1,0,21.0,0,1,0,1,0,0,0,0,1,0,0,0,0,1,0,0,0,1
119,0.0,"Baxter, Mr. Quigg Edmond",24.0,0,1,247.5208,0,1,1,0,0,0,0,0,1,0,0,0,0,1,0,1,0,0
120,0.0,"Andersson, Miss. Ellis Anna Maria",2.0,4,2,31.275,1,0,0,0,1,0,0,1,0,0,0,0,1,0,0,0,0,1
121,0.0,"Hickman, Mr. Stanley George",21.0,2,0,73.5,0,1,0,1,0,0,0,0,1,0,0,0,0,1,0,0,0,1
122,0.0,"Moore, Mr. Leonard Charles",29.0,0,0,8.05,0,1,0,0,1,0,0,0,1,0,0,0,0,0,1,0,0,1
123,0.0,"Nasser, Mr. Nicholas",32.5,1,0,30.0708,0,1,0,1,0,0,0,0,1,0,0,0,0,1,0,1,0,0
124,1.0,"Webber, Miss. Susan",32.5,0,0,13.0,1,0,0,1,0,0,0,1,0,0,0,0,0,0,1,0,0,1
125,0.0,"White, Mr. Percival Wayland",54.0,0,1,77.2875,0,1,1,0,0,0,0,0,1,0,0,0,0,1,0,0,0,1
126,1.0,"Nicola-Yarred, Master. Elias",12.0,1,0,11.2417,0,1,0,0,1,0,1,0,0,0,0,0,0,1,0,1,0,0
127,0.0,"McMahon, Mr. Martin",35.0,0,0,7.75,0,1,0,0,1,0,0,0,1,0,0,0,0,0,1,0,1,0
128,1.0,"Madsen, Mr. Fridtjof Arne",24.0,0,0,7.1417,0,1,0,0,1,0,0,0,1,0,0,0,0,0,1,0,0,1
129,1.0,"Peter, Miss. Anna",8.0,1,1,22.3583,1,0,0,0,1,0,0,1,0,0,0,0,0,1,0,1,0,0
130,0.0,"Ekstrom, Mr. Johan",45.0,0,0,6.975,0,1,0,0,1,0,0,0,1,0,0,0,0,0,1,0,0,1
131,0.0,"Drazenoic, Mr. Jozef",33.0,0,0,7.8958,0,1,0,0,1,0,0,0,1,0,0,0,0,0,1,1,0,0
132,0.0,"Coelho, Mr. Domingos Fernandeo",20.0,0,0,7.05,0,1,0,0,1,0,0,0,1,0,0,0,0,0,1,0,0,1
133,0.0,"Robins, Mrs. Alexander A (Grace Charity Laury)",47.0,1,0,14.5,1,0,0,0,1,0,0,0,0,1,0,0,0,1,0,0,0,1
134,1.0,"Weisz, Mrs. Leopold (Mathilde Francoise Pede)",29.0,1,0,26.0,1,0,0,1,0,0,0,0,0,1,0,0,0,1,0,0,0,1
135,0.0,"Sobey, Mr. Samuel James Hayden",25.0,0,0,13.0,0,1,0,1,0,0,0,0,1,0,0,0,0,0,1,0,0,1
136,0.0,"Richard, Mr. Emile",23.0,0,0,15.0458,0,1,0,1,0,0,0,0,1,0,0,0,0,0,1,1,0,0
137,1.0,"Newsom, Miss. Helen Monypeny",19.0,0,2,26.2833,1,0,1,0,0,0,0,1,0,0,0,0,0,1,0,0,0,1
138,0.0,"Futrelle, Mr. Jacques Heath",37.0,1,0,53.1,0,1,1,0,0,0,0,0,1,0,0,0,0,1,0,0,0,1
139,0.0,"Osen, Mr. Olaf Elon",16.0,0,0,9.2167,0,1,0,0,1,0,0,0,1,0,0,0,0,0,1,0,0,1
140,0.0,"Giglio, Mr. Victor",24.0,0,0,79.2,0,1,1,0,0,0,0,0,1,0,0,0,0,0,1,1,0,0
141,0.0,"Boulos, Mrs. Joseph (Sultana)",28.0,0,2,15.2458,1,0,0,0,1,0,0,0,0,1,0,0,0,1,0,1,0,0
142,1.0,"Nysten, Miss. Anna Sofia",22.0,0,0,7.75,1,0,0,0,1,0,0,1,0,0,0,0,0,0,1,0,0,1
143,1.0,"Hakkarainen, Mrs. Pekka Pietari (Elin Matilda Dolck)",24.0,1,0,15.85,1,0,0,0,1,0,0,0,0,1,0,0,0,1,0,0,0,1
144,0.0,"Burke, Mr. Jeremiah",19.0,0,0,6.75,0,1,0,0,1,0,0,0,1,0,0,0,0,0,1,0,1,0
145,0.0,"Andrew, Mr. Edgardo Samuel",18.0,0,0,11.5,0,1,0,1,0,0,0,0,1,0,0,0,0,0,1,0,0,1
146,0.0,"Nicholls, Mr. Joseph Charles",19.0,1,1,36.75,0,1,0,1,0,0,0,0,1,0,0,0,0,1,0,0,0,1
147,1.0,"Andersson, Mr. August Edvard (""Wennerstrom"")",27.0,0,0,7.7958,0,1,0,0,1,0,0,0,1,0,0,0,0,0,1,0,0,1
148,0.0,"Ford, Miss. Robina Maggie ""Ruby""",9.0,2,2,34.375,1,0,0,0,1,0,0,1,0,0,0,0,1,0,0,0,0,1
149,0.0,"Navratil, Mr. Michel (""Louis M Hoffman"")",36.5,0,2,26.0,0,1,0,1,0,0,0,0,1,0,0,0,0,1,0,0,0,1
150,0.0,"Byles, Rev. Thomas Roussel Davids",42.0,0,0,13.0,0,1,0,1,0,0,0,0,0,0,0,1,0,0,1,0,0,1
151,0.0,"Bateman, Rev. Robert James",51.0,0,0,12.525,0,1,0,1,0,0,0,0,0,0,0,1,0,0,1,0,0,1
152,1.0,"Pears, Mrs. Thomas (Edith Wearne)",22.0,1,0,66.6,1,0,1,0,0,0,0,0,0,1,0,0,0,1,0,0,0,1
153,0.0,"Meo, Mr. Alfonzo",55.5,0,0,8.05,0,1,0,0,1,0,0,0,1,0,0,0,0,0,1,0,0,1
154,0.0,"van Billiard, Mr. Austin Blyler",40.5,0,2,14.5,0,1,0,0,1,0,0,0,1,0,0,0,0,1,0,0,0,1
155,0.0,"Olsen, Mr. Ole Martin",30.0,0,0,7.3125,0,1,0,0,1,0,0,0,1,0,0,0,0,0,1,0,0,1
156,0.0,"Williams, Mr. Charles Duane",51.0,0,1,61.3792,0,1,1,0,0,0,0,0,1,0,0,0,0,1,0,1,0,0
157,1.0,"Gilnagh, Miss. Katherine ""Katie""",16.0,0,0,7.7333,1,0,0,0,1,0,0,1,0,0,0,0,0,0,1,0,1,0
158,0.0,"Corn, Mr. Harry",30.0,0,0,8.05,0,1,0,0,1,0,0,0,1,0,0,0,0,0,1,0,0,1
159,0.0,"Smiljanic, Mr. Mile",26.0,0,0,8.6625,0,1,0,0,1,0,0,0,1,0,0,0,0,0,1,0,0,1
160,0.0,"Sage, Master. Thomas Henry",9.0,8,2,69.55,0,1,0,0,1,0,1,0,0,0,0,0,1,0,0,0,0,1
161,0.0,"Cribb, Mr. John Hatfield",44.0,0,1,16.1,0,1,0,0,1,0,0,0,1,0,0,0,0,1,0,0,0,1
162,1.0,"Watt, Mrs. James (Elizabeth ""Bessie"" Inglis Milne)",40.0,0,0,15.75,1,0,0,1,0,0,0,0,0,1,0,0,0,0,1,0,0,1
163,0.0,"Bengtsson, Mr. John Viktor",26.0,0,0,7.775,0,1,0,0,1,0,0,0,1,0,0,0,0,0,1,0,0,1
164,0.0,"Calic, Mr. Jovo",17.0,0,0,8.6625,0,1,0,0,1,0,0,0,1,0,0,0,0,0,1,0,0,1
165,0.0,"Panula, Master. Eino Viljami",1.0,4,1,39.6875,0,1,0,0,1,0,1,0,0,0,0,0,1,0,0,0,0,1
166,1.0,"Goldsmith, Master. Frank John William ""Frankie""",9.0,0,2,20.525,0,1,0,0,1,0,1,0,0,0,0,0,0,1,0,0,0,1
167,1.0,"Chibnall, Mrs. (Edith Martha Bowerman)",43.0,0,1,55.0,1,0,1,0,0,0,0,0,0,1,0,0,0,1,0,0,0,1
168,0.0,"Skoog, Mrs. William (Anna Bernhardina Karlsson)",45.0,1,4,27.9,1,0,0,0,1,0,0,0,0,1,0,0,1,0,0,0,0,1
169,0.0,"Baumann, Mr. John D",45.0,0,0,25.925,0,1,1,0,0,0,0,0,1,0,0,0,0,0,1,0,0,1
170,0.0,"Ling, Mr. Lee",28.0,0,0,56.4958,0,1,0,0,1,0,0,0,1,0,0,0,0,0,1,0,0,1
171,0.0,"Van der hoef, Mr. Wyckoff",61.0,0,0,33.5,0,1,1,0,0,0,0,0,1,0,0,0,0,0,1,0,0,1
172,0.0,"Rice, Master. Arthur",4.0,4,1,29.125,0,1,0,0,1,0,1,0,0,0,0,0,1,0,0,0,1,0
173,1.0,"Johnson, Miss. Eleanor Ileen",1.0,1,1,11.1333,1,0,0,0,1,0,0,1,0,0,0,0,0,1,0,0,0,1
174,0.0,"Sivola, Mr. Antti Wilhelm",21.0,0,0,7.925,0,1,0,0,1,0,0,0,1,0,0,0,0,0,1,0,0,1
175,0.0,"Smith, Mr. James Clinch",56.0,0,0,30.6958,0,1,1,0,0,0,0,0,1,0,0,0,0,0,1,1,0,0
176,0.0,"Klasen, Mr. Klas Albin",18.0,1,1,7.8542,0,1,0,0,1,0,0,0,1,0,0,0,0,1,0,0,0,1
177,0.0,"Lefebre, Master. Henry Forbes",5.0,3,1,25.4667,0,1,0,0,1,0,1,0,0,0,0,0,1,0,0,0,0,1
178,0.0,"Isham, Miss. Ann Elizabeth",50.0,0,0,28.7125,1,0,1,0,0,0,0,1,0,0,0,0,0,0,1,1,0,0
179,0.0,"Hale, Mr. Reginald",30.0,0,0,13.0,0,1,0,1,0,0,0,0,1,0,0,0,0,0,1,0,0,1
180,0.0,"Leonard, Mr. Lionel",36.0,0,0,0.0,0,1,0,0,1,0,0,0,1,0,0,0,0,0,1,0,0,1
181,0.0,"Sage, Miss. Constance Gladys",14.0,8,2,69.55,1,0,0,0,1,0,0,1,0,0,0,0,1,0,0,0,0,1
182,0.0,"Pernot, Mr. Rene",30.0,0,0,15.05,0,1,0,1,0,0,0,0,1,0,0,0,0,0,1,1,0,0
183,0.0,"Asplund, Master. Clarence Gustaf Hugo",9.0,4,2,31.3875,0,1,0,0,1,0,1,0,0,0,0,0,1,0,0,0,0,1
184,1.0,"Becker, Master. Richard F",1.0,2,1,39.0,0,1,0,1,0,0,1,0,0,0,0,0,1,0,0,0,0,1
185,1.0,"Kink-Heilmann, Miss. Luise Gretchen",4.0,0,2,22.025,1,0,0,0,1,0,0,1,0,0,0,0,0,1,0,0,0,1
186,0.0,"Rood, Mr. Hugh Roscoe",41.0,0,0,50.0,0,1,1,0,0,0,0,0,1,0,0,0,0,0,1,0,0,1
187,1.0,"O'Brien, Mrs. Thomas (Johanna ""Hannah"" Godfrey)",29.0,1,0,15.5,1,0,0,0,1,0,0,0,0,1,0,0,0,1,0,0,1,0
188,1.0,"Romaine, Mr. Charles Hallace (""Mr C Rolmane"")",45.0,0,0,26.55,0,1,1,0,0,0,0,0,1,0,0,0,0,0,1,0,0,1
189,0.0,"Bourke, Mr. John",40.0,1,1,15.5,0,1,0,0,1,0,0,0,1,0,0,0,0,1,0,0,1,0
190,0.0,"Turcin, Mr. Stjepan",36.0,0,0,7.8958,0,1,0,0,1,0,0,0,1,0,0,0,0,0,1,0,0,1
191,1.0,"Pinsky, Mrs. (Rosa)",32.0,0,0,13.0,1,0,0,1,0,0,0,0,0,1,0,0,0,0,1,0,0,1
192,0.0,"Carbines, Mr. William",19.0,0,0,13.0,0,1,0,1,0,0,0,0,1,0,0,0,0,0,1,0,0,1
193,1.0,"Andersen-Jensen, Miss. Carla Christine Nielsine",19.0,1,0,7.8542,1,0,0,0,1,0,0,1,0,0,0,0,0,1,0,0,0,1
194,1.0,"Navratil, Master. Michel M",3.0,1,1,26.0,0,1,0,1,0,0,1,0,0,0,0,0,0,1,0,0,0,1
195,1.0,"Brown, Mrs. James Joseph (Margaret Tobin)",44.0,0,0,27.7208,1,0,1,0,0,0,0,0,0,1,0,0,0,0,1,1,0,0
196,1.0,"Lurette, Miss. Elise",58.0,0,0,146.5208,1,0,1,0,0,0,0,1,0,0,0,0,0,0,1,1,0,0
197,0.0,"Mernagh, Mr. Robert",35.0,0,0,7.75,0,1,0,0,1,0,0,0,1,0,0,0,0,0,1,0,1,0
198,0.0,"Olsen, Mr. Karl Siegwart Andreas",42.0,0,1,8.4042,0,1,0,0,1,0,0,0,1,0,0,0,0,1,0,0,0,1
199,1.0,"Madigan, Miss. Margaret ""Maggie""",24.0,0,0,7.75,1,0,0,0,1,0,0,1,0,0,0,0,0,0,1,0,1,0
200,0.0,"Yrois, Miss. Henriette (""Mrs Harbeck"")",24.0,0,0,13.0,1,0,0,1,0,0,0,1,0,0,0,0,0,0,1,0,0,1
201,0.0,"Vande Walle, Mr. Nestor Cyriel",28.0,0,0,9.5,0,1,0,0,1,0,0,0,1,0,0,0,0,0,1,0,0,1
202,0.0,"Sage, Mr. Frederick",20.0,8,2,69.55,0,1,0,0,1,0,0,0,1,0,0,0,1,0,0,0,0,1
203,0.0,"Johanson, Mr. Jakob Alfred",34.0,0,0,6.4958,0,1,0,0,1,0,0,0,1,0,0,0,0,0,1,0,0,1
204,0.0,"Youseff, Mr. Gerious",45.5,0,0,7.225,0,1,0,0,1,0,0,0,1,0,0,0,0,0,1,1,0,0
205,1.0,"Cohen, Mr. Gurshon ""Gus""",18.0,0,0,8.05,0,1,0,0,1,0,0,0,1,0,0,0,0,0,1,0,0,1
206,0.0,"Strom, Miss. Telma Matilda",2.0,0,1,10.4625,1,0,0,0,1,0,0,1,0,0,0,0,0,1,0,0,0,1
207,0.0,"Backstrom, Mr. Karl Alfred",32.0,1,0,15.85,0,1,0,0,1,0,0,0,1,0,0,0,0,1,0,0,0,1
208,1.0,"Albimona, Mr. Nassef Cassem",26.0,0,0,18.7875,0,1,0,0,1,0,0,0,1,0,0,0,0,0,1,1,0,0
209,1.0,"Carr, Miss. Helen ""Ellen""",16.0,0,0,7.75,1,0,0,0,1,0,0,1,0,0,0,0,0,0,1,0,1,0
210,1.0,"Blank, Mr. Henry",40.0,0,0,31.0,0,1,1,0,0,0,0,0,1,0,0,0,0,0,1,1,0,0
211,0.0,"Ali, Mr. Ahmed",24.0,0,0,7.05,0,1,0,0,1,0,0,0,1,0,0,0,0,0,1,0,0,1
212,1.0,"Cameron, Miss. Clear Annie",35.0,0,0,21.0,1,0,0,1,0,0,0,1,0,0,0,0,0,0,1,0,0,1
213,0.0,"Perkin, Mr. John Henry",22.0,0,0,7.25,0,1,0,0,1,0,0,0,1,0,0,0,0,0,1,0,0,1
214,0.0,"Givard, Mr. Hans Kristensen",30.0,0,0,13.0,0,1,0,1,0,0,0,0,1,0,0,0,0,0,1,0,0,1
215,0.0,"Kiernan, Mr. Philip",28.0,1,0,7.75,0,1,0,0,1,0,0,0,1,0,0,0,0,1,0,0,1,0
216,1.0,"Newell, Miss. Madeleine",31.0,1,0,113.275,1,0,1,0,0,0,0,1,0,0,0,0,0,1,0,1,0,0
217,1.0,"Honkanen, Miss. Eliina",27.0,0,0,7.925,1,0,0,0,1,0,0,1,0,0,0,0,0,0,1,0,0,1
218,0.0,"Jacobsohn, Mr. Sidney Samuel",42.0,1,0,27.0,0,1,0,1,0,0,0,0,1,0,0,0,0,1,0,0,0,1
219,1.0,"Bazzani, Miss. Albina",32.0,0,0,76.2917,1,0,1,0,0,0,0,1,0,0,0,0,0,0,1,1,0,0
220,0.0,"Harris, Mr. Walter",30.0,0,0,10.5,0,1,0,1,0,0,0,0,1,0,0,0,0,0,1,0,0,1
221,1.0,"Sunderland, Mr. Victor Francis",16.0,0,0,8.05,0,1,0,0,1,0,0,0,1,0,0,0,0,0,1,0,0,1
222,0.0,"Bracken, Mr. James H",27.0,0,0,13.0,0,1,0,1,0,0,0,0,1,0,0,0,0,0,1,0,0,1
223,0.0,"Green, Mr. George Henry",51.0,0,0,8.05,0,1,0,0,1,0,0,0,1,0,0,0,0,0,1,0,0,1
224,0.0,"Nenkoff, Mr. Christo",27.0,0,0,7.8958,0,1,0,0,1,0,0,0,1,0,0,0,0,0,1,0,0,1
225,1.0,"Hoyt, Mr. Frederick Maxfield",38.0,1,0,90.0,0,1,1,0,0,0,0,0,1,0,0,0,0,1,0,0,0,1
226,0.0,"Berglund, Mr. Karl Ivar Sven",22.0,0,0,9.35,0,1,0,0,1,0,0,0,1,0,0,0,0,0,1,0,0,1
227,1.0,"Mellors, Mr. William John",19.0,0,0,10.5,0,1,0,1,0,0,0,0,1,0,0,0,0,0,1,0,0,1
228,0.0,"Lovell, Mr. John Hall (""Henry"")",20.5,0,0,7.25,0,1,0,0,1,0,0,0,1,0,0,0,0,0,1,0,0,1
229,0.0,"Fahlstrom, Mr. Arne Jonas",18.0,0,0,13.0,0,1,0,1,0,0,0,0,1,0,0,0,0,0,1,0,0,1
230,0.0,"Lefebre, Miss. Mathilde",8.0,3,1,25.4667,1,0,0,0,1,0,0,1,0,0,0,0,1,0,0,0,0,1
231,1.0,"Harris, Mrs. Henry Birkhardt (Irene Wallach)",35.0,1,0,83.475,1,0,1,0,0,0,0,0,0,1,0,0,0,1,0,0,0,1
232,0.0,"Larsson, Mr. Bengt Edvin",29.0,0,0,7.775,0,1,0,0,1,0,0,0,1,0,0,0,0,0,1,0,0,1
233,0.0,"Sjostedt, Mr. Ernst Adolf",59.0,0,0,13.5,0,1,0,1,0,0,0,0,1,0,0,0,0,0,1,0,0,1
234,1.0,"Asplund, Miss. Lillian Gertrud",5.0,4,2,31.3875,1,0,0,0,1,0,0,1,0,0,0,0,1,0,0,0,0,1
235,0.0,"Leyson, Mr. Robert William Norman",24.0,0,0,10.5,0,1,0,1,0,0,0,0,1,0,0,0,0,0,1,0,0,1
236,0.0,"Harknett, Miss. Alice Phoebe",20.0,0,0,7.55,1,0,0,0,1,0,0,1,0,0,0,0,0,0,1,0,0,1
237,0.0,"Hold, Mr. Stephen",44.0,1,0,26.0,0,1,0,1,0,0,0,0,1,0,0,0,0,1,0,0,0,1
238,1.0,"Collyer, Miss. Marjorie ""Lottie""",8.0,0,2,26.25,1,0,0,1,0,0,0,1,0,0,0,0,0,1,0,0,0,1
239,0.0,"Pengelly, Mr. Frederick William",19.0,0,0,10.5,0,1,0,1,0,0,0,0,1,0,0,0,0,0,1,0,0,1
240,0.0,"Hunt, Mr. George Henry",33.0,0,0,12.275,0,1,0,1,0,0,0,0,1,0,0,0,0,0,1,0,0,1
241,0.0,"Zabour, Miss. Thamine",16.0,1,0,14.4542,1,0,0,0,1,0,0,1,0,0,0,0,0,1,0,1,0,0
242,1.0,"Murphy, Miss. Katherine ""Kate""",17.0,1,0,15.5,1,0,0,0,1,0,0,1,0,0,0,0,0,1,0,0,1,0
243,0.0,"Coleridge, Mr. Reginald Charles",29.0,0,0,10.5,0,1,0,1,0,0,0,0,1,0,0,0,0,0,1,0,0,1
244,0.0,"Maenpaa, Mr. Matti Alexanteri",22.0,0,0,7.125,0,1,0,0,1,0,0,0,1,0,0,0,0,0,1,0,0,1
245,0.0,"Attalah, Mr. Sleiman",30.0,0,0,7.225,0,1,0,0,1,0,0,0,1,0,0,0,0,0,1,1,0,0
246,0.0,"Minahan, Dr. William Edward",44.0,2,0,90.0,0,1,1,0,0,1,0,0,0,0,0,0,0,1,0,0,1,0
247,0.0,"Lindahl, Miss. Agda Thorilda Viktoria",25.0,0,0,7.775,1,0,0,0,1,0,0,1,0,0,0,0,0,0,1,0,0,1
248,1.0,"Hamalainen, Mrs. William (Anna)",24.0,0,2,14.5,1,0,0,1,0,0,0,0,0,1,0,0,0,1,0,0,0,1
249,1.0,"Beckwith, Mr. Richard Leonard",37.0,1,1,52.5542,0,1,1,0,0,0,0,0,1,0,0,0,0,1,0,0,0,1
250,0.0,"Carter, Rev. Ernest Courtenay",54.0,1,0,26.0,0,1,0,1,0,0,0,0,0,0,0,1,0,1,0,0,0,1
251,0.0,"Reed, Mr. James George",30.0,0,0,7.25,0,1,0,0,1,0,0,0,1,0,0,0,0,0,1,0,0,1
252,0.0,"Strom, Mrs. Wilhelm (Elna Matilda Persson)",29.0,1,1,10.4625,1,0,0,0,1,0,0,0,0,1,0,0,0,1,0,0,0,1
253,0.0,"Stead, Mr. William Thomas",62.0,0,0,26.55,0,1,1,0,0,0,0,0,1,0,0,0,0,0,1,0,0,1
254,0.0,"Lobb, Mr. William Arthur",30.0,1,0,16.1,0,1,0,0,1,0,0,0,1,0,0,0,0,1,0,0,0,1
255,0.0,"Rosblom, Mrs. Viktor (Helena Wilhelmina)",41.0,0,2,20.2125,1,0,0,0,1,0,0,0,0,1,0,0,0,1,0,0,0,1
256,1.0,"Touma, Mrs. Darwis (Hanne Youssef Razi)",29.0,0,2,15.2458,1,0,0,0,1,0,0,0,0,1,0,0,0,1,0,1,0,0
257,1.0,"Thorne, Mrs. Gertrude Maybelle",46.0,0,0,79.2,1,0,1,0,0,0,0,0,0,1,0,0,0,0,1,1,0,0
258,1.0,"Cherry, Miss. Gladys",30.0,0,0,86.5,1,0,1,0,0,0,0,1,0,0,0,0,0,0,1,0,0,1
259,1.0,"Ward, Miss. Anna",35.0,0,0,512.3292,1,0,1,0,0,0,0,1,0,0,0,0,0,0,1,1,0,0
260,1.0,"Parrish, Mrs. (Lutie Davis)",50.0,0,1,26.0,1,0,0,1,0,0,0,0,0,1,0,0,0,1,0,0,0,1
261,0.0,"Smith, Mr. Thomas",35.0,0,0,7.75,0,1,0,0,1,0,0,0,1,0,0,0,0,0,1,0,1,0
262,1.0,"Asplund, Master. Edvin Rojj Felix",3.0,4,2,31.3875,0,1,0,0,1,0,1,0,0,0,0,0,1,0,0,0,0,1
263,0.0,"Taussig, Mr. Emil",52.0,1,1,79.65,0,1,1,0,0,0,0,0,1,0,0,0,0,1,0,0,0,1
264,0.0,"Harrison, Mr. William",40.0,0,0,0.0,0,1,1,0,0,0,0,0,1,0,0,0,0,0,1,0,0,1
265,0.0,"Henry, Miss. Delia",24.0,0,0,7.75,1,0,0,0,1,0,0,1,0,0,0,0,0,0,1,0,1,0
266,0.0,"Reeves, Mr. David",36.0,0,0,10.5,0,1,0,1,0,0,0,0,1,0,0,0,0,0,1,0,0,1
267,0.0,"Panula, Mr. Ernesti Arvid",16.0,4,1,39.6875,0,1,0,0,1,0,0,0,1,0,0,0,1,0,0,0,0,1
268,1.0,"Persson, Mr. Ernst Ulrik",25.0,1,0,7.775,0,1,0,0,1,0,0,0,1,0,0,0,0,1,0,0,0,1
269,1.0,"Graham, Mrs. William Thompson (Edith Junkins)",58.0,0,1,153.4625,1,0,1,0,0,0,0,0,0,1,0,0,0,1,0,0,0,1
270,1.0,"Bissette, Miss. Amelia",35.0,0,0,135.6333,1,0,1,0,0,0,0,1,0,0,0,0,0,0,1,0,0,1
271,0.0,"Cairns, Mr. Alexander",46.0,0,0,31.0,0,1,1,0,0,0,0,0,1,0,0,0,0,0,1,0,0,1
272,1.0,"Tornquist, Mr. William Henry",25.0,0,0,0.0,0,1,0,0,1,0,0,0,1,0,0,0,0,0,1,0,0,1
273,1.0,"Mellinger, Mrs. (Elizabeth Anne Maidment)",41.0,0,1,19.5,1,0,0,1,0,0,0,0,0,1,0,0,0,1,0,0,0,1
274,0.0,"Natsch, Mr. Charles H",37.0,0,1,29.7,0,1,1,0,0,0,0,0,1,0,0,0,0,1,0,1,0,0
275,1.0,"Healy, Miss. Hanora ""Nora""",24.0,0,0,7.75,1,0,0,0,1,0,0,1,0,0,0,0,0,0,1,0,1,0
276,1.0,"Andrews, Miss. Kornelia Theodosia",63.0,1,0,77.9583,1,0,1,0,0,0,0,1,0,0,0,0,0,1,0,0,0,1
277,0.0,"Lindblom, Miss. Augusta Charlotta",45.0,0,0,7.75,1,0,0,0,1,0,0,1,0,0,0,0,0,0,1,0,0,1
278,0.0,"Parkes, Mr. Francis ""Frank""",32.0,0,0,0.0,0,1,0,1,0,0,0,0,1,0,0,0,0,0,1,0,0,1
279,0.0,"Rice, Master. Eric",7.0,4,1,29.125,0,1,0,0,1,0,1,0,0,0,0,0,1,0,0,0,1,0
280,1.0,"Abbott, Mrs. Stanton (Rosa Hunt)",35.0,1,1,20.25,1,0,0,0,1,0,0,0,0,1,0,0,0,1,0,0,0,1
281,0.0,"Duane, Mr. Frank",65.0,0,0,7.75,0,1,0,0,1,0,0,0,1,0,0,0,0,0,1,0,1,0
282,0.0,"Olsson, Mr. Nils Johan Goransson",28.0,0,0,7.8542,0,1,0,0,1,0,0,0,1,0,0,0,0,0,1,0,0,1
283,0.0,"de Pelsmaeker, Mr. Alfons",16.0,0,0,9.5,0,1,0,0,1,0,0,0,1,0,0,0,0,0,1,0,0,1
284,1.0,"Dorking, Mr. Edward Arthur",19.0,0,0,8.05,0,1,0,0,1,0,0,0,1,0,0,0,0,0,1,0,0,1
285,0.0,"Smith, Mr. Richard William",45.0,0,0,26.0,0,1,1,0,0,0,0,0,1,0,0,0,0,0,1,0,0,1
286,0.0,"Stankovic, Mr. Ivan",33.0,0,0,8.6625,0,1,0,0,1,0,0,0,1,0,0,0,0,0,1,1,0,0
287,1.0,"de Mulder, Mr. Theodore",30.0,0,0,9.5,0,1,0,0,1,0,0,0,1,0,0,0,0,0,1,0,0,1
288,0.0,"Naidenoff, Mr. Penko",22.0,0,0,7.8958,0,1,0,0,1,0,0,0,1,0,0,0,0,0,1,0,0,1
289,1.0,"Hosono, Mr. Masabumi",42.0,0,0,13.0,0,1,0,1,0,0,0,0,1,0,0,0,0,0,1,0,0,1
290,1.0,"Connolly, Miss. Kate",22.0,0,0,7.75,1,0,0,0,1,0,0,1,0,0,0,0,0,0,1,0,1,0
291,1.0,"Barber, Miss. Ellen ""Nellie""",26.0,0,0,78.85,1,0,1,0,0,0,0,1,0,0,0,0,0,0,1,0,0,1
292,1.0,"Bishop, Mrs. Dickinson H (Helen Walton)",19.0,1,0,91.0792,1,0,1,0,0,0,0,0,0,1,0,0,0,1,0,1,0,0
293,0.0,"Levy, Mr. Rene Jacques",36.0,0,0,12.875,0,1,0,1,0,0,0,0,1,0,0,0,0,0,1,1,0,0
294,0.0,"Haas, Miss. Aloisia",24.0,0,0,8.85,1,0,0,0,1,0,0,1,0,0,0,0,0,0,1,0,0,1
295,0.0,"Mineff, Mr. Ivan",24.0,0,0,7.8958,0,1,0,0,1,0,0,0,1,0,0,0,0,0,1,0,0,1
296,0.0,"Lewy, Mr. Ervin G",37.0,0,0,27.7208,0,1,1,0,0,0,0,0,1,0,0,0,0,0,1,1,0,0
297,0.0,"Hanna, Mr. Mansour",23.5,0,0,7.2292,0,1,0,0,1,0,0,0,1,0,0,0,0,0,1,1,0,0
298,0.0,"Allison, Miss. Helen Loraine",2.0,1,2,151.55,1,0,1,0,0,0,0,1,0,0,0,0,1,0,0,0,0,1
299,1.0,"Saalfeld, Mr. Adolphe",46.0,0,0,30.5,0,1,1,0,0,0,0,0,1,0,0,0,0,0,1,0,0,1
300,1.0,"Baxter, Mrs. James (Helene DeLaudeniere Chaput)",50.0,0,1,247.5208,1,0,1,0,0,0,0,0,0,1,0,0,0,1,0,1,0,0
301,1.0,"Kelly, Miss. Anna Katherine ""Annie Kate""",24.0,0,0,7.75,1,0,0,0,1,0,0,1,0,0,0,0,0,0,1,0,1,0
302,1.0,"McCoy, Mr. Bernard",28.0,2,0,23.25,0,1,0,0,1,0,0,0,1,0,0,0,0,1,0,0,1,0
303,0.0,"Johnson, Mr. William Cahoone Jr",19.0,0,0,0.0,0,1,0,0,1,0,0,0,1,0,0,0,0,0,1,0,0,1
304,1.0,"Keane, Miss. Nora A",30.0,0,0,12.35,1,0,0,1,0,0,0,1,0,0,0,0,0,0,1,0,1,0
305,0.0,"Williams, Mr. Howard Hugh ""Harry""",29.0,0,0,8.05,0,1,0,0,1,0,0,0,1,0,0,0,0,0,1,0,0,1
306,1.0,"Allison, Master. Hudson Trevor",0.92,1,2,151.55,0,1,1,0,0,0,1,0,0,0,0,0,1,0,0,0,0,1
307,1.0,"Fleming, Miss. Margaret",32.0,0,0,110.8833,1,0,1,0,0,0,0,1,0,0,0,0,0,0,1,1,0,0
308,1.0,"Penasco y Castellana, Mrs. Victor de Satode (Maria Josefa Perez de Soto y Vallejo)",17.0,1,0,108.9,1,0,1,0,0,0,0,0,0,1,0,0,0,1,0,1,0,0
309,0.0,"Abelson, Mr. Samuel",30.0,1,0,24.0,0,1,0,1,0,0,0,0,1,0,0,0,0,1,0,1,0,0
310,1.0,"Francatelli, Miss. Laura Mabel",30.0,0,0,56.9292,1,0,1,0,0,0,0,1,0,0,0,0,0,0,1,1,0,0
311,1.0,"Hays, Miss. Margaret Bechstein",24.0,0,0,83.1583,1,0,1,0,0,0,0,1,0,0,0,0,0,0,1,1,0,0
312,1.0,"Ryerson, Miss. Emily Borie",18.0,2,2,262.375,1,0,1,0,0,0,0,1,0,0,0,0,1,0,0,1,0,0
313,0.0,"Lahtinen, Mrs. William (Anna Sylfven)",26.0,1,1,26.0,1,0,0,1,0,0,0,0,0,1,0,0,0,1,0,0,0,1
314,0.0,"Hendekovic, Mr. Ignjac",28.0,0,0,7.8958,0,1,0,0,1,0,0,0,1,0,0,0,0,0,1,0,0,1
315,0.0,"Hart, Mr. Benjamin",43.0,1,1,26.25,0,1,0,1,0,0,0,0,1,0,0,0,0,1,0,0,0,1
316,1.0,"Nilsson, Miss. Helmina Josefina",26.0,0,0,7.8542,1,0,0,0,1,0,0,1,0,0,0,0,0,0,1,0,0,1
317,1.0,"Kantor, Mrs. Sinai (Miriam Sternin)",24.0,1,0,26.0,1,0,0,1,0,0,0,0,0,1,0,0,0,1,0,0,0,1
318,0.0,"Moraweck, Dr. Ernest",54.0,0,0,14.0,0,1,0,1,0,1,0,0,0,0,0,0,0,0,1,0,0,1
319,1.0,"Wick, Miss. Mary Natalie",31.0,0,2,164.8667,1,0,1,0,0,0,0,1,0,0,0,0,0,1,0,0,0,1
320,1.0,"Spedden, Mrs. Frederic Oakley (Margaretta Corning Stone)",40.0,1,1,134.5,1,0,1,0,0,0,0,0,0,1,0,0,0,1,0,1,0,0
321,0.0,"Dennis, Mr. Samuel",22.0,0,0,7.25,0,1,0,0,1,0,0,0,1,0,0,0,0,0,1,0,0,1
322,0.0,"Danoff, Mr. Yoto",27.0,0,0,7.8958,0,1,0,0,1,0,0,0,1,0,0,0,0,0,1,0,0,1
323,1.0,"Slayter, Miss. Hilda Mary",30.0,0,0,12.35,1,0,0,1,0,0,0,1,0,0,0,0,0,0,1,0,1,0
324,1.0,"Caldwell, Mrs. Albert Francis (Sylvia Mae Harbaugh)",22.0,1,1,29.0,1,0,0,1,0,0,0,0,0,1,0,0,0,1,0,0,0,1
325,0.0,"Sage, Mr. George John Jr",20.0,8,2,69.55,0,1,0,0,1,0,0,0,1,0,0,0,1,0,0,0,0,1
326,1.0,"Young, Miss. Marie Grice",36.0,0,0,135.6333,1,0,1,0,0,0,0,1,0,0,0,0,0,0,1,1,0,0
327,0.0,"Nysveen, Mr. Johan Hansen",61.0,0,0,6.2375,0,1,0,0,1,0,0,0,1,0,0,0,0,0,1,0,0,1
328,1.0,"Ball, Mrs. (Ada E Hall)",36.0,0,0,13.0,1,0,0,1,0,0,0,0,0,1,0,0,0,0,1,0,0,1
329,1.0,"Goldsmith, Mrs. Frank John (Emily Alice Brown)",31.0,1,1,20.525,1,0,0,0,1,0,0,0,0,1,0,0,0,1,0,0,0,1
330,1.0,"Hippach, Miss. Jean Gertrude",16.0,0,1,57.9792,1,0,1,0,0,0,0,1,0,0,0,0,0,1,0,1,0,0
331,1.0,"McCoy, Miss. Agnes",17.0,2,0,23.25,1,0,0,0,1,0,0,1,0,0,0,0,0,1,0,0,1,0
332,0.0,"Partner, Mr. Austen",45.5,0,0,28.5,0,1,1,0,0,0,0,0,1,0,0,0,0,0,1,0,0,1
333,0.0,"Graham, Mr. George Edward",38.0,0,1,153.4625,0,1,1,0,0,0,0,0,1,0,0,0,0,1,0,0,0,1
334,0.0,"Vander Planke, Mr. Leo Edmondus",16.0,2,0,18.0,0,1,0,0,1,0,0,0,1,0,0,0,0,1,0,0,0,1
335,1.0,"Frauenthal, Mrs. Henry William (Clara Heinsheimer)",41.0,1,0,133.65,1,0,1,0,0,0,0,0,0,1,0,0,0,1,0,0,0,1
336,0.0,"Denkoff, Mr. Mitto",27.0,0,0,7.8958,0,1,0,0,1,0,0,0,1,0,0,0,0,0,1,0,0,1
337,0.0,"Pears, Mr. Thomas Clinton",29.0,1,0,66.6,0,1,1,0,0,0,0,0,1,0,0,0,0,1,0,0,0,1
338,1.0,"Burns, Miss. Elizabeth Margaret",41.0,0,0,134.5,1,0,1,0,0,0,0,1,0,0,0,0,0,0,1,1,0,0
339,1.0,"Dahl, Mr. Karl Edwart",45.0,0,0,8.05,0,1,0,0,1,0,0,0,1,0,0,0,0,0,1,0,0,1
340,0.0,"Blackwell, Mr. Stephen Weart",45.0,0,0,35.5,0,1,1,0,0,0,0,0,1,0,0,0,0,0,1,0,0,1
341,1.0,"Navratil, Master. Edmond Roger",2.0,1,1,26.0,0,1,0,1,0,0,1,0,0,0,0,0,0,1,0,0,0,1
342,1.0,"Fortune, Miss. Alice Elizabeth",24.0,3,2,263.0,1,0,1,0,0,0,0,1,0,0,0,0,1,0,0,0,0,1
343,0.0,"Collander, Mr. Erik Gustaf",28.0,0,0,13.0,0,1,0,1,0,0,0,0,1,0,0,0,0,0,1,0,0,1
344,0.0,"Sedgwick, Mr. Charles Frederick Waddington",25.0,0,0,13.0,0,1,0,1,0,0,0,0,1,0,0,0,0,0,1,0,0,1
345,0.0,"Fox, Mr. Stanley Hubert",36.0,0,0,13.0,0,1,0,1,0,0,0,0,1,0,0,0,0,0,1,0,0,1
346,1.0,"Brown, Miss. Amelia ""Mildred""",24.0,0,0,13.0,1,0,0,1,0,0,0,1,0,0,0,0,0,0,1,0,0,1
347,1.0,"Smith, Miss. Marion Elsie",40.0,0,0,13.0,1,0,0,1,0,0,0,1,0,0,0,0,0,0,1,0,0,1
348,1.0,"Davison, Mrs. Thomas Henry (Mary E Finck)",28.0,1,0,16.1,1,0,0,0,1,0,0,0,0,1,0,0,0,1,0,0,0,1
349,1.0,"Coutts, Master. William Loch ""William""",3.0,1,1,15.9,0,1,0,0,1,0,1,0,0,0,0,0,0,1,0,0,0,1
350,0.0,"Dimic, Mr. Jovan",42.0,0,0,8.6625,0,1,0,0,1,0,0,0,1,0,0,0,0,0,1,0,0,1
351,0.0,"Odahl, Mr. Nils Martin",23.0,0,0,9.225,0,1,0,0,1,0,0,0,1,0,0,0,0,0,1,0,0,1
352,0.0,"Williams-Lambert, Mr. Fletcher Fellows",43.0,0,0,35.0,0,1,1,0,0,0,0,0,1,0,0,0,0,0,1,0,0,1
353,0.0,"Elias, Mr. Tannous",15.0,1,1,7.2292,0,1,0,0,1,0,0,0,1,0,0,0,0,1,0,1,0,0
354,0.0,"Arnold-Franchi, Mr. Josef",25.0,1,0,17.8,0,1,0,0,1,0,0,0,1,0,0,0,0,1,0,0,0,1
355,0.0,"Yousif, Mr. Wazli",27.0,0,0,7.225,0,1,0,0,1,0,0,0,1,0,0,0,0,0,1,1,0,0
356,0.0,"Vanden Steen, Mr. Leo Peter",28.0,0,0,9.5,0,1,0,0,1,0,0,0,1,0,0,0,0,0,1,0,0,1
357,1.0,"Bowerman, Miss. Elsie Edith",22.0,0,1,55.0,1,0,1,0,0,0,0,1,0,0,0,0,0,1,0,0,0,1
358,0.0,"Funk, Miss. Annie Clemmer",38.0,0,0,13.0,1,0,0,1,0,0,0,1,0,0,0,0,0,0,1,0,0,1
359,1.0,"McGovern, Miss. Mary",21.0,0,0,7.8792,1,0,0,0,1,0,0,1,0,0,0,0,0,0,1,0,1,0
360,1.0,"Mockler, Miss. Helen Mary ""Ellie""",21.0,0,0,7.8792,1,0,0,0,1,0,0,1,0,0,0,0,0,0,1,0,1,0
361,0.0,"Skoog, Mr. Wilhelm",40.0,1,4,27.9,0,1,0,0,1,0,0,0,1,0,0,0,1,0,0,0,0,1
362,0.0,"del Carlo, Mr. Sebastiano",29.0,1,0,27.7208,0,1,0,1,0,0,0,0,1,0,0,0,0,1,0,1,0,0
363,0.0,"Barbara, Mrs. (Catherine David)",45.0,0,1,14.4542,1,0,0,0,1,0,0,0,0,1,0,0,0,1,0,1,0,0
364,0.0,"Asim, Mr. Adola",35.0,0,0,7.05,0,1,0,0,1,0,0,0,1,0,0,0,0,0,1,0,0,1
365,0.0,"O'Brien, Mr. Thomas",31.0,1,0,15.5,0,1,0,0,1,0,0,0,1,0,0,0,0,1,0,0,1,0
366,0.0,"Adahl, Mr. Mauritz Nils Martin",30.0,0,0,7.25,0,1,0,0,1,0,0,0,1,0,0,0,0,0,1,0,0,1
367,1.0,"Warren, Mrs. Frank Manley (Anna Sophia Atkinson)",60.0,1,0,75.25,1,0,1,0,0,0,0,0,0,1,0,0,0,1,0,1,0,0
368,1.0,"Moussa, Mrs. (Mantoura Boulos)",32.0,0,0,7.2292,1,0,0,0,1,0,0,0,0,1,0,0,0,0,1,1,0,0
369,1.0,"Jermyn, Miss. Annie",24.0,0,0,7.75,1,0,0,0,1,0,0,1,0,0,0,0,0,0,1,0,1,0
370,1.0,"Aubart, Mme. Leontine Pauline",24.0,0,0,69.3,1,0,1,0,0,0,0,0,0,1,0,0,0,0,1,1,0,0
371,1.0,"Harder, Mr. George Achilles",25.0,1,0,55.4417,0,1,1,0,0,0,0,0,1,0,0,0,0,1,0,1,0,0
372,0.0,"Wiklund, Mr. Jakob Alfred",18.0,1,0,6.4958,0,1,0,0,1,0,0,0,1,0,0,0,0,1,0,0,0,1
373,0.0,"Beavan, Mr. William Thomas",19.0,0,0,8.05,0,1,0,0,1,0,0,0,1,0,0,0,0,0,1,0,0,1
374,0.0,"Ringhini, Mr. Sante",22.0,0,0,135.6333,0,1,1,0,0,0,0,0,1,0,0,0,0,0,1,1,0,0
375,0.0,"Palsson, Miss. Stina Viola",3.0,3,1,21.075,1,0,0,0,1,0,0,1,0,0,0,0,1,0,0,0,0,1
376,1.0,"Meyer, Mrs. Edgar Joseph (Leila Saks)",41.0,1,0,82.1708,1,0,1,0,0,0,0,0,0,1,0,0,0,1,0,1,0,0
377,1.0,"Landergren, Miss. Aurora Adelia",22.0,0,0,7.25,1,0,0,0,1,0,0,1,0,0,0,0,0,0,1,0,0,1
378,0.0,"Widener, Mr. Harry Elkins",27.0,0,2,211.5,0,1,1,0,0,0,0,0,1,0,0,0,0,1,0,1,0,0
379,0.0,"Betros, Mr. Tannous",20.0,0,0,4.0125,0,1,0,0,1,0,0,0,1,0,0,0,0,0,1,1,0,0
380,0.0,"Gustafsson, Mr. Karl Gideon",19.0,0,0,7.775,0,1,0,0,1,0,0,0,1,0,0,0,0,0,1,0,0,1
381,1.0,"Bidois, Miss. Rosalie",42.0,0,0,227.525,1,0,1,0,0,0,0,1,0,0,0,0,0,0,1,1,0,0
382,1.0,"Nakid, Miss. Maria (""Mary"")",1.0,0,2,15.7417,1,0,0,0,1,0,0,1,0,0,0,0,0,1,0,1,0,0
383,0.0,"Tikkanen, Mr. Juho",32.0,0,0,7.925,0,1,0,0,1,0,0,0,1,0,0,0,0,0,1,0,0,1
384,1.0,"Holverson, Mrs. Alexander Oskar (Mary Aline Towner)",35.0,1,0,52.0,1,0,1,0,0,0,0,0,0,1,0,0,0,1,0,0,0,1
385,0.0,"Plotcharsky, Mr. Vasil",27.0,0,0,7.8958,0,1,0,0,1,0,0,0,1,0,0,0,0,0,1,0,0,1
386,0.0,"Davies, Mr. Charles Henry",18.0,0,0,73.5,0,1,0,1,0,0,0,0,1,0,0,0,0,0,1,0,0,1
387,0.0,"Goodwin, Master. Sidney Leonard",1.0,5,2,46.9,0,1,0,0,1,0,1,0,0,0,0,0,1,0,0,0,0,1
388,1.0,"Buss, Miss. Kate",36.0,0,0,13.0,1,0,0,1,0,0,0,1,0,0,0,0,0,0,1,0,0,1
389,0.0,"Sadlier, Mr. Matthew",26.0,0,0,7.7292,0,1,0,0,1,0,0,0,1,0,0,0,0,0,1,0,1,0
390,1.0,"Lehmann, Miss. Bertha",17.0,0,0,12.0,1,0,0,1,0,0,0,1,0,0,0,0,0,0,1,1,0,0
391,1.0,"Carter, Mr. William Ernest",36.0,1,2,120.0,0,1,1,0,0,0,0,0,1,0,0,0,1,0,0,0,0,1
392,1.0,"Jansson, Mr. Carl Olof",21.0,0,0,7.7958,0,1,0,0,1,0,0,0,1,0,0,0,0,0,1,0,0,1
393,0.0,"Gustafsson, Mr. Johan Birger",28.0,2,0,7.925,0,1,0,0,1,0,0,0,1,0,0,0,0,1,0,0,0,1
394,1.0,"Newell, Miss. Marjorie",23.0,1,0,113.275,1,0,1,0,0,0,0,1,0,0,0,0,0,1,0,1,0,0
395,1.0,"Sandstrom, Mrs. Hjalmar (Agnes Charlotta Bengtsson)",24.0,0,2,16.7,1,0,0,0,1,0,0,0,0,1,0,0,0,1,0,0,0,1
396,0.0,"Johansson, Mr. Erik",22.0,0,0,7.7958,0,1,0,0,1,0,0,0,1,0,0,0,0,0,1,0,0,1
397,0.0,"Olsson, Miss. Elina",31.0,0,0,7.8542,1,0,0,0,1,0,0,1,0,0,0,0,0,0,1,0,0,1
398,0.0,"McKane, Mr. Peter David",46.0,0,0,26.0,0,1,0,1,0,0,0,0,1,0,0,0,0,0,1,0,0,1
399,0.0,"Pain, Dr. Alfred",23.0,0,0,10.5,0,1,0,1,0,1,0,0,0,0,0,0,0,0,1,0,0,1
400,1.0,"Trout, Mrs. William H (Jessie L)",28.0,0,0,12.65,1,0,0,1,0,0,0,0,0,1,0,0,0,0,1,0,0,1
401,1.0,"Niskanen, Mr. Juha",39.0,0,0,7.925,0,1,0,0,1,0,0,0,1,0,0,0,0,0,1,0,0,1
402,0.0,"Adams, Mr. John",26.0,0,0,8.05,0,1,0,0,1,0,0,0,1,0,0,0,0,0,1,0,0,1
403,0.0,"Jussila, Miss. Mari Aina",21.0,1,0,9.825,1,0,0,0,1,0,0,1,0,0,0,0,0,1,0,0,0,1
404,0.0,"Hakkarainen, Mr. Pekka Pietari",28.0,1,0,15.85,0,1,0,0,1,0,0,0,1,0,0,0,0,1,0,0,0,1
405,0.0,"Oreskovic, Miss. Marija",20.0,0,0,8.6625,1,0,0,0,1,0,0,1,0,0,0,0,0,0,1,0,0,1
406,0.0,"Gale, Mr. Shadrach",34.0,1,0,21.0,0,1,0,1,0,0,0,0,1,0,0,0,0,1,0,0,0,1
407,0.0,"Widegren, Mr. Carl/Charles Peter",51.0,0,0,7.75,0,1,0,0,1,0,0,0,1,0,0,0,0,0,1,0,0,1
408,1.0,"Richards, Master. William Rowe",3.0,1,1,18.75,0,1,0,1,0,0,1,0,0,0,0,0,0,1,0,0,0,1
409,0.0,"Birkeland, Mr. Hans Martin Monsen",21.0,0,0,7.775,0,1,0,0,1,0,0,0,1,0,0,0,0,0,1,0,0,1
410,0.0,"Lefebre, Miss. Ida",8.0,3,1,25.4667,1,0,0,0,1,0,0,1,0,0,0,0,1,0,0,0,0,1
411,0.0,"Sdycoff, Mr. Todor",27.0,0,0,7.8958,0,1,0,0,1,0,0,0,1,0,0,0,0,0,1,0,0,1
412,0.0,"Hart, Mr. Henry",26.0,0,0,6.8583,0,1,0,0,1,0,0,0,1,0,0,0,0,0,1,0,1,0
413,1.0,"Minahan, Miss. Daisy E",33.0,1,0,90.0,1,0,1,0,0,0,0,1,0,0,0,0,0,1,0,0,1,0
414,0.0,"Cunningham, Mr. Alfred Fleming",32.0,0,0,0.0,0,1,0,1,0,0,0,0,1,0,0,0,0,0,1,0,0,1
415,1.0,"Sundman, Mr. Johan Julian",44.0,0,0,7.925,0,1,0,0,1,0,0,0,1,0,0,0,0,0,1,0,0,1
416,0.0,"Meek, Mrs. Thomas (Annie Louise Rowley)",35.0,0,0,8.05,1,0,0,0,1,0,0,0,0,1,0,0,0,0,1,0,0,1
417,1.0,"Drew, Mrs. James Vivian (Lulu Thorne Christian)",34.0,1,1,32.5,1,0,0,1,0,0,0,0,0,1,0,0,0,1,0,0,0,1
418,1.0,"Silven, Miss. Lyyli Karoliina",18.0,0,2,13.0,1,0,0,1,0,0,0,1,0,0,0,0,0,1,0,0,0,1
419,0.0,"Matthews, Mr. William John",30.0,0,0,13.0,0,1,0,1,0,0,0,0,1,0,0,0,0,0,1,0,0,1
420,0.0,"Van Impe, Miss. Catharina",10.0,0,2,24.15,1,0,0,0,1,0,0,1,0,0,0,0,0,1,0,0,0,1
421,0.0,"Gheorgheff, Mr. Stanio",28.0,0,0,7.8958,0,1,0,0,1,0,0,0,1,0,0,0,0,0,1,1,0,0
422,0.0,"Charters, Mr. David",21.0,0,0,7.7333,0,1,0,0,1,0,0,0,1,0,0,0,0,0,1,0,1,0
423,0.0,"Zimmerman, Mr. Leo",29.0,0,0,7.875,0,1,0,0,1,0,0,0,1,0,0,0,0,0,1,0,0,1
424,0.0,"Danbom, Mrs. Ernst Gilbert (Anna Sigrid Maria Brogren)",28.0,1,1,14.4,1,0,0,0,1,0,0,0,0,1,0,0,0,1,0,0,0,1
425,0.0,"Rosblom, Mr. Viktor Richard",18.0,1,1,20.2125,0,1,0,0,1,0,0,0,1,0,0,0,0,1,0,0,0,1
426,0.0,"Wiseman, Mr. Phillippe",30.0,0,0,7.25,0,1,0,0,1,0,0,0,1,0,0,0,0,0,1,0,0,1
427,1.0,"Clarke, Mrs. Charles V (Ada Maria Winfield)",28.0,1,0,26.0,1,0,0,1,0,0,0,0,0,1,0,0,0,1,0,0,0,1
428,1.0,"Phillips, Miss. Kate Florence (""Mrs Kate Louise Phillips Marshall"")",19.0,0,0,26.0,1,0,0,1,0,0,0,1,0,0,0,0,0,0,1,0,0,1
429,0.0,"Flynn, Mr. James",35.0,0,0,7.75,0,1,0,0,1,0,0,0,1,0,0,0,0,0,1,0,1,0
430,1.0,"Pickard, Mr. Berk (Berk Trembisky)",32.0,0,0,8.05,0,1,0,0,1,0,0,0,1,0,0,0,0,0,1,0,0,1
431,1.0,"Bjornstrom-Steffansson, Mr. Mauritz Hakan",28.0,0,0,26.55,0,1,1,0,0,0,0,0,1,0,0,0,0,0,1,0,0,1
432,1.0,"Thorneycroft, Mrs. Percival (Florence Kate White)",28.0,1,0,16.1,1,0,0,0,1,0,0,0,0,1,0,0,0,1,0,0,0,1
433,1.0,"Louch, Mrs. Charles Alexander (Alice Adelaide Slow)",42.0,1,0,26.0,1,0,0,1,0,0,0,0,0,1,0,0,0,1,0,0,0,1
434,0.0,"Kallio, Mr. Nikolai Erland",17.0,0,0,7.125,0,1,0,0,1,0,0,0,1,0,0,0,0,0,1,0,0,1
435,0.0,"Silvey, Mr. William Baird",50.0,1,0,55.9,0,1,1,0,0,0,0,0,1,0,0,0,0,1,0,0,0,1
436,1.0,"Carter, Miss. Lucile Polk",14.0,1,2,120.0,1,0,1,0,0,0,0,1,0,0,0,0,1,0,0,0,0,1
437,0.0,"Ford, Miss. Doolina Margaret ""Daisy""",21.0,2,2,34.375,1,0,0,0,1,0,0,1,0,0,0,0,1,0,0,0,0,1
438,1.0,"Richards, Mrs. Sidney (Emily Hocking)",24.0,2,3,18.75,1,0,0,1,0,0,0,0,0,1,0,0,1,0,0,0,0,1
439,0.0,"Fortune, Mr. Mark",64.0,1,4,263.0,0,1,1,0,0,0,0,0,1,0,0,0,1,0,0,0,0,1
440,0.0,"Kvillner, Mr. Johan Henrik Johannesson",31.0,0,0,10.5,0,1,0,1,0,0,0,0,1,0,0,0,0,0,1,0,0,1
441,1.0,"Hart, Mrs. Benjamin (Esther Ada Bloomfield)",45.0,1,1,26.25,1,0,0,1,0,0,0,0,0,1,0,0,0,1,0,0,0,1
442,0.0,"Hampe, Mr. Leon",20.0,0,0,9.5,0,1,0,0,1,0,0,0,1,0,0,0,0,0,1,0,0,1
443,0.0,"Petterson, Mr. Johan Emil",25.0,1,0,7.775,0,1,0,0,1,0,0,0,1,0,0,0,0,1,0,0,0,1
444,1.0,"Reynaldo, Ms. Encarnacion",28.0,0,0,13.0,1,0,0,1,0,0,0,1,0,0,0,0,0,0,1,0,0,1
445,1.0,"Johannesen-Bratthammer, Mr. Bernt",25.0,0,0,8.1125,0,1,0,0,1,0,0,0,1,0,0,0,0,0,1,0,0,1
446,1.0,"Dodge, Master. Washington",4.0,0,2,81.8583,0,1,1,0,0,0,1,0,0,0,0,0,0,1,0,0,0,1
447,1.0,"Mellinger, Miss. Madeleine Violet",13.0,0,1,19.5,1,0,0,1,0,0,0,1,0,0,0,0,0,1,0,0,0,1
448,1.0,"Seward, Mr. Frederic Kimber",34.0,0,0,26.55,0,1,1,0,0,0,0,0,1,0,0,0,0,0,1,0,0,1
449,1.0,"Baclini, Miss. Marie Catherine",5.0,2,1,19.2583,1,0,0,0,1,0,0,1,0,0,0,0,1,0,0,1,0,0
450,1.0,"Peuchen, Major. Arthur Godfrey",52.0,0,0,30.5,0,1,1,0,0,0,0,0,0,0,0,1,0,0,1,0,0,1
451,0.0,"West, Mr. Edwy Arthur",36.0,1,2,27.75,0,1,0,1,0,0,0,0,1,0,0,0,1,0,0,0,0,1
452,0.0,"Hagland, Mr. Ingvald Olai Olsen",27.0,1,0,19.9667,0,1,0,0,1,0,0,0,1,0,0,0,0,1,0,0,0,1
453,0.0,"Foreman, Mr. Benjamin Laventall",30.0,0,0,27.75,0,1,1,0,0,0,0,0,1,0,0,0,0,0,1,1,0,0
454,1.0,"Goldenberg, Mr. Samuel L",49.0,1,0,89.1042,0,1,1,0,0,0,0,0,1,0,0,0,0,1,0,1,0,0
455,0.0,"Peduzzi, Mr. Joseph",29.0,0,0,8.05,0,1,0,0,1,0,0,0,1,0,0,0,0,0,1,0,0,1
456,1.0,"Jalsevac, Mr. Ivan",29.0,0,0,7.8958,0,1,0,0,1,0,0,0,1,0,0,0,0,0,1,1,0,0
457,0.0,"Millet, Mr. Francis Davis",65.0,0,0,26.55,0,1,1,0,0,0,0,0,1,0,0,0,0,0,1,0,0,1
458,1.0,"Kenyon, Mrs. Frederick R (Marion)",41.0,1,0,51.8625,1,0,1,0,0,0,0,0,0,1,0,0,0,1,0,0,0,1
459,1.0,"Toomey, Miss. Ellen",50.0,0,0,10.5,1,0,0,1,0,0,0,1,0,0,0,0,0,0,1,0,0,1
460,0.0,"O'Connor, Mr. Maurice",35.0,0,0,7.75,0,1,0,0,1,0,0,0,1,0,0,0,0,0,1,0,1,0
461,1.0,"Anderson, Mr. Harry",48.0,0,0,26.55,0,1,1,0,0,0,0,0,1,0,0,0,0,0,1,0,0,1
462,0.0,"Morley, Mr. William",34.0,0,0,8.05,0,1,0,0,1,0,0,0,1,0,0,0,0,0,1,0,0,1
463,0.0,"Gee, Mr. Arthur H",47.0,0,0,38.5,0,1,1,0,0,0,0,0,1,0,0,0,0,0,1,0,0,1
464,0.0,"Milling, Mr. Jacob Christian",48.0,0,0,13.0,0,1,0,1,0,0,0,0,1,0,0,0,0,0,1,0,0,1
465,0.0,"Maisner, Mr. Simon",29.0,0,0,8.05,0,1,0,0,1,0,0,0,1,0,0,0,0,0,1,0,0,1
466,0.0,"Goncalves, Mr. Manuel Estanslas",38.0,0,0,7.05,0,1,0,0,1,0,0,0,1,0,0,0,0,0,1,0,0,1
467,0.0,"Campbell, Mr. William",32.0,0,0,0.0,0,1,0,1,0,0,0,0,1,0,0,0,0,0,1,0,0,1
468,0.0,"Smart, Mr. John Montgomery",56.0,0,0,26.55,0,1,1,0,0,0,0,0,1,0,0,0,0,0,1,0,0,1
469,0.0,"Scanlan, Mr. James",26.0,0,0,7.725,0,1,0,0,1,0,0,0,1,0,0,0,0,0,1,0,1,0
470,1.0,"Baclini, Miss. Helene Barbara",0.75,2,1,19.2583,1,0,0,0,1,0,0,1,0,0,0,0,1,0,0,1,0,0
471,0.0,"Keefe, Mr. Arthur",30.0,0,0,7.25,0,1,0,0,1,0,0,0,1,0,0,0,0,0,1,0,0,1
472,0.0,"Cacic, Mr. Luka",38.0,0,0,8.6625,0,1,0,0,1,0,0,0,1,0,0,0,0,0,1,0,0,1
473,1.0,"West, Mrs. Edwy Arthur (Ada Mary Worth)",33.0,1,2,27.75,1,0,0,1,0,0,0,0,0,1,0,0,1,0,0,0,0,1
474,1.0,"Jerwan, Mrs. Amin S (Marie Marthe Thuillard)",23.0,0,0,13.7917,1,0,0,1,0,0,0,0,0,1,0,0,0,0,1,1,0,0
475,0.0,"Strandberg, Miss. Ida Sofia",22.0,0,0,9.8375,1,0,0,0,1,0,0,1,0,0,0,0,0,0,1,0,0,1
476,0.0,"Clifford, Mr. George Quincy",41.0,0,0,52.0,0,1,1,0,0,0,0,0,1,0,0,0,0,0,1,0,0,1
477,0.0,"Renouf, Mr. Peter Henry",34.0,1,0,21.0,0,1,0,1,0,0,0,0,1,0,0,0,0,1,0,0,0,1
478,0.0,"Braund, Mr. Lewis Richard",29.0,1,0,7.0458,0,1,0,0,1,0,0,0,1,0,0,0,0,1,0,0,0,1
479,0.0,"Karlsson, Mr. Nils August",22.0,0,0,7.5208,0,1,0,0,1,0,0,0,1,0,0,0,0,0,1,0,0,1
480,1.0,"Hirvonen, Miss. Hildur E",2.0,0,1,12.2875,1,0,0,0,1,0,0,1,0,0,0,0,0,1,0,0,0,1
481,0.0,"Goodwin, Master. Harold Victor",9.0,5,2,46.9,0,1,0,0,1,0,1,0,0,0,0,0,1,0,0,0,0,1
482,0.0,"Frost, Mr. Anthony Wood ""Archie""",32.0,0,0,0.0,0,1,0,1,0,0,0,0,1,0,0,0,0,0,1,0,0,1
483,0.0,"Rouse, Mr. Richard Henry",50.0,0,0,8.05,0,1,0,0,1,0,0,0,1,0,0,0,0,0,1,0,0,1
484,1.0,"Turkula, Mrs. (Hedwig)",63.0,0,0,9.5875,1,0,0,0,1,0,0,0,0,1,0,0,0,0,1,0,0,1
485,1.0,"Bishop, Mr. Dickinson H",25.0,1,0,91.0792,0,1,1,0,0,0,0,0,1,0,0,0,0,1,0,1,0,0
486,0.0,"Lefebre, Miss. Jeannie",8.0,3,1,25.4667,1,0,0,0,1,0,0,1,0,0,0,0,1,0,0,0,0,1
487,1.0,"Hoyt, Mrs. Frederick Maxfield (Jane Anne Forby)",35.0,1,0,90.0,1,0,1,0,0,0,0,0,0,1,0,0,0,1,0,0,0,1
488,0.0,"Kent, Mr. Edward Austin",58.0,0,0,29.7,0,1,1,0,0,0,0,0,1,0,0,0,0,0,1,1,0,0
489,0.0,"Somerton, Mr. Francis William",30.0,0,0,8.05,0,1,0,0,1,0,0,0,1,0,0,0,0,0,1,0,0,1
490,1.0,"Coutts, Master. Eden Leslie ""Neville""",9.0,1,1,15.9,0,1,0,0,1,0,1,0,0,0,0,0,0,1,0,0,0,1
491,0.0,"Hagland, Mr. Konrad Mathias Reiersen",27.0,1,0,19.9667,0,1,0,0,1,0,0,0,1,0,0,0,0,1,0,0,0,1
492,0.0,"Windelov, Mr. Einar",21.0,0,0,7.25,0,1,0,0,1,0,0,0,1,0,0,0,0,0,1,0,0,1
493,0.0,"Molson, Mr. Harry Markland",55.0,0,0,30.5,0,1,1,0,0,0,0,0,1,0,0,0,0,0,1,0,0,1
494,0.0,"Artagaveytia, Mr. Ramon",71.0,0,0,49.5042,0,1,1,0,0,0,0,0,1,0,0,0,0,0,1,1,0,0
495,0.0,"Stanley, Mr. Edward Roland",21.0,0,0,8.05,0,1,0,0,1,0,0,0,1,0,0,0,0,0,1,0,0,1
496,0.0,"Yousseff, Mr. Gerious",27.0,0,0,14.4583,0,1,0,0,1,0,0,0,1,0,0,0,0,0,1,1,0,0
497,1.0,"Eustis, Miss. Elizabeth Mussey",54.0,1,0,78.2667,1,0,1,0,0,0,0,1,0,0,0,0,0,1,0,1,0,0
498,0.0,"Shellard, Mr. Frederick William",32.0,0,0,15.1,0,1,0,0,1,0,0,0,1,0,0,0,0,0,1,0,0,1
499,0.0,"Allison, Mrs. Hudson J C (Bessie Waldo Daniels)",25.0,1,2,151.55,1,0,1,0,0,0,0,0,0,1,0,0,1,0,0,0,0,1
500,0.0,"Svensson, Mr. Olof",24.0,0,0,7.7958,0,1,0,0,1,0,0,0,1,0,0,0,0,0,1,0,0,1
501,0.0,"Calic, Mr. Petar",17.0,0,0,8.6625,0,1,0,0,1,0,0,0,1,0,0,0,0,0,1,0,0,1
502,0.0,"Canavan, Miss. Mary",21.0,0,0,7.75,1,0,0,0,1,0,0,1,0,0,0,0,0,0,1,0,1,0
503,0.0,"O'Sullivan, Miss. Bridget Mary",22.0,0,0,7.6292,1,0,0,0,1,0,0,1,0,0,0,0,0,0,1,0,1,0
504,0.0,"Laitinen, Miss. Kristina Sofia",37.0,0,0,9.5875,1,0,0,0,1,0,0,1,0,0,0,0,0,0,1,0,0,1
505,1.0,"Maioni, Miss. Roberta",16.0,0,0,86.5,1,0,1,0,0,0,0,1,0,0,0,0,0,0,1,0,0,1
506,0.0,"Penasco y Castellana, Mr. Victor de Satode",18.0,1,0,108.9,0,1,1,0,0,0,0,0,1,0,0,0,0,1,0,1,0,0
507,1.0,"Quick, Mrs. Frederick Charles (Jane Richards)",33.0,0,2,26.0,1,0,0,1,0,0,0,0,0,1,0,0,0,1,0,0,0,1
508,1.0,"Bradley, Mr. George (""George Arthur Brayton"")",45.0,0,0,26.55,0,1,1,0,0,0,0,0,1,0,0,0,0,0,1,0,0,1
509,0.0,"Olsen, Mr. Henry Margido",28.0,0,0,22.525,0,1,0,0,1,0,0,0,1,0,0,0,0,0,1,0,0,1
510,1.0,"Lang, Mr. Fang",26.0,0,0,56.4958,0,1,0,0,1,0,0,0,1,0,0,0,0,0,1,0,0,1
511,1.0,"Daly, Mr. Eugene Patrick",29.0,0,0,7.75,0,1,0,0,1,0,0,0,1,0,0,0,0,0,1,0,1,0
512,0.0,"Webber, Mr. James",29.0,0,0,8.05,0,1,0,0,1,0,0,0,1,0,0,0,0,0,1,0,0,1
513,1.0,"McGough, Mr. James Robert",36.0,0,0,26.2875,0,1,1,0,0,0,0,0,1,0,0,0,0,0,1,0,0,1
514,1.0,"Rothschild, Mrs. Martin (Elizabeth L. Barrett)",54.0,1,0,59.4,1,0,1,0,0,0,0,0,0,1,0,0,0,1,0,1,0,0
515,0.0,"Coleff, Mr. Satio",24.0,0,0,7.4958,0,1,0,0,1,0,0,0,1,0,0,0,0,0,1,0,0,1
516,0.0,"Walker, Mr. William Anderson",47.0,0,0,34.0208,0,1,1,0,0,0,0,0,1,0,0,0,0,0,1,0,0,1
517,1.0,"Lemore, Mrs. (Amelia Milley)",34.0,0,0,10.5,1,0,0,1,0,0,0,0,0,1,0,0,0,0,1,0,0,1
518,0.0,"Ryan, Mr. Patrick",33.0,0,0,24.15,0,1,0,0,1,0,0,0,1,0,0,0,0,0,1,0,1,0
519,1.0,"Angle, Mrs. William A (Florence ""Mary"" Agnes Hughes)",36.0,1,0,26.0,1,0,0,1,0,0,0,0,0,1,0,0,0,1,0,0,0,1
520,0.0,"Pavlovic, Mr. Stefo",32.0,0,0,7.8958,0,1,0,0,1,0,0,0,1,0,0,0,0,0,1,0,0,1
521,1.0,"Perreault, Miss. Anne",30.0,0,0,93.5,1,0,1,0,0,0,0,1,0,0,0,0,0,0,1,0,0,1
522,0.0,"Vovk, Mr. Janko",22.0,0,0,7.8958,0,1,0,0,1,0,0,0,1,0,0,0,0,0,1,0,0,1
523,0.0,"Lahoud, Mr. Sarkis",27.0,0,0,7.225,0,1,0,0,1,0,0,0,1,0,0,0,0,0,1,1,0,0
524,1.0,"Hippach, Mrs. Louis Albert (Ida Sophia Fischer)",44.0,0,1,57.9792,1,0,1,0,0,0,0,0,0,1,0,0,0,1,0,1,0,0
525,0.0,"Kassem, Mr. Fared",25.0,0,0,7.2292,0,1,0,0,1,0,0,0,1,0,0,0,0,0,1,1,0,0
526,0.0,"Farrell, Mr. James",40.5,0,0,7.75,0,1,0,0,1,0,0,0,1,0,0,0,0,0,1,0,1,0
527,1.0,"Ridsdale, Miss. Lucy",50.0,0,0,10.5,1,0,0,1,0,0,0,1,0,0,0,0,0,0,1,0,0,1
528,0.0,"Farthing, Mr. John",38.0,0,0,221.7792,0,1,1,0,0,0,0,0,1,0,0,0,0,0,1,0,0,1
529,0.0,"Salonen, Mr. Johan Werner",39.0,0,0,7.925,0,1,0,0,1,0,0,0,1,0,0,0,0,0,1,0,0,1
530,0.0,"Hocking, Mr. Richard George",23.0,2,1,11.5,0,1,0,1,0,0,0,0,1,0,0,0,1,0,0,0,0,1
531,1.0,"Quick, Miss. Phyllis May",2.0,1,1,26.0,1,0,0,1,0,0,0,1,0,0,0,0,0,1,0,0,0,1
532,0.0,"Toufik, Mr. Nakli",25.0,0,0,7.2292,0,1,0,0,1,0,0,0,1,0,0,0,0,0,1,1,0,0
533,0.0,"Elias, Mr. Joseph Jr",17.0,1,1,7.2292,0,1,0,0,1,0,0,0,1,0,0,0,0,1,0,1,0,0
534,1.0,"Peter, Mrs. Catherine (Catherine Rizk)",29.0,0,2,22.3583,1,0,0,0,1,0,0,0,0,1,0,0,0,1,0,1,0,0
535,0.0,"Cacic, Miss. Marija",30.0,0,0,8.6625,1,0,0,0,1,0,0,1,0,0,0,0,0,0,1,0,0,1
536,1.0,"Hart, Miss. Eva Miriam",7.0,0,2,26.25,1,0,0,1,0,0,0,1,0,0,0,0,0,1,0,0,0,1
537,0.0,"Butt, Major. Archibald Willingham",45.0,0,0,26.55,0,1,1,0,0,0,0,0,0,0,0,1,0,0,1,0,0,1
538,1.0,"LeRoy, Miss. Bertha",30.0,0,0,106.425,1,0,1,0,0,0,0,1,0,0,0,0,0,0,1,1,0,0
539,0.0,"Risien, Mr. Samuel Beard",32.0,0,0,14.5,0,1,0,0,1,0,0,0,1,0,0,0,0,0,1,0,0,1
540,1.0,"Frolicher, Miss. Hedwig Margaritha",22.0,0,2,49.5,1,0,1,0,0,0,0,1,0,0,0,0,0,1,0,1,0,0
541,1.0,"Crosby, Miss. Harriet R",36.0,0,2,71.0,1,0,1,0,0,0,0,1,0,0,0,0,0,1,0,0,0,1
542,0.0,"Andersson, Miss. Ingeborg Constanzia",9.0,4,2,31.275,1,0,0,0,1,0,0,1,0,0,0,0,1,0,0,0,0,1
543,0.0,"Andersson, Miss. Sigrid Elisabeth",11.0,4,2,31.275,1,0,0,0,1,0,0,1,0,0,0,0,1,0,0,0,0,1
544,1.0,"Beane, Mr. Edward",32.0,1,0,26.0,0,1,0,1,0,0,0,0,1,0,0,0,0,1,0,0,0,1
545,0.0,"Douglas, Mr. Walter Donald",50.0,1,0,106.425,0,1,1,0,0,0,0,0,1,0,0,0,0,1,0,1,0,0
546,0.0,"Nicholson, Mr. Arthur Ernest",64.0,0,0,26.0,0,1,1,0,0,0,0,0,1,0,0,0,0,0,1,0,0,1
547,1.0,"Beane, Mrs. Edward (Ethel Clarke)",19.0,1,0,26.0,1,0,0,1,0,0,0,0,0,1,0,0,0,1,0,0,0,1
548,1.0,"Padro y Manent, Mr. Julian",30.0,0,0,13.8625,0,1,0,1,0,0,0,0,1,0,0,0,0,0,1,1,0,0
549,0.0,"Goldsmith, Mr. Frank John",33.0,1,1,20.525,0,1,0,0,1,0,0,0,1,0,0,0,0,1,0,0,0,1
550,1.0,"Davies, Master. John Morgan Jr",8.0,1,1,36.75,0,1,0,1,0,0,1,0,0,0,0,0,0,1,0,0,0,1
551,1.0,"Thayer, Mr. John Borland Jr",17.0,0,2,110.8833,0,1,1,0,0,0,0,0,1,0,0,0,0,1,0,1,0,0
552,0.0,"Sharp, Mr. Percival James R",27.0,0,0,26.0,0,1,0,1,0,0,0,0,1,0,0,0,0,0,1,0,0,1
553,0.0,"O'Brien, Mr. Timothy",34.0,0,0,7.8292,0,1,0,0,1,0,0,0,1,0,0,0,0,0,1,0,1,0
554,1.0,"Leeni, Mr. Fahim (""Philip Zenni"")",22.0,0,0,7.225,0,1,0,0,1,0,0,0,1,0,0,0,0,0,1,1,0,0
555,1.0,"Ohman, Miss. Velin",22.0,0,0,7.775,1,0,0,0,1,0,0,1,0,0,0,0,0,0,1,0,0,1
556,0.0,"Wright, Mr. George",62.0,0,0,26.55,0,1,1,0,0,0,0,0,1,0,0,0,0,0,1,0,0,1
557,1.0,"Duff Gordon, Lady. (Lucille Christiana Sutherland) (""Mrs Morgan"")",48.0,1,0,39.6,1,0,1,0,0,0,0,0,0,0,1,0,0,1,0,1,0,0
558,0.0,"Robbins, Mr. Victor",36.0,0,0,227.525,0,1,1,0,0,0,0,0,1,0,0,0,0,0,1,1,0,0
559,1.0,"Taussig, Mrs. Emil (Tillie Mandelbaum)",39.0,1,1,79.65,1,0,1,0,0,0,0,0,0,1,0,0,0,1,0,0,0,1
560,1.0,"de Messemaeker, Mrs. Guillaume Joseph (Emma)",36.0,1,0,17.4,1,0,0,0,1,0,0,0,0,1,0,0,0,1,0,0,0,1
561,0.0,"Morrow, Mr. Thomas Rowan",35.0,0,0,7.75,0,1,0,0,1,0,0,0,1,0,0,0,0,0,1,0,1,0
562,0.0,"Sivic, Mr. Husein",40.0,0,0,7.8958,0,1,0,0,1,0,0,0,1,0,0,0,0,0,1,0,0,1
563,0.0,"Norman, Mr. Robert Douglas",28.0,0,0,13.5,0,1,0,1,0,0,0,0,1,0,0,0,0,0,1,0,0,1
564,0.0,"Simmons, Mr. John",29.0,0,0,8.05,0,1,0,0,1,0,0,0,1,0,0,0,0,0,1,0,0,1
565,0.0,"Meanwell, Miss. (Marion Ogden)",23.0,0,0,8.05,1,0,0,0,1,0,0,1,0,0,0,0,0,0,1,0,0,1
566,0.0,"Davies, Mr. Alfred J",24.0,2,0,24.15,0,1,0,0,1,0,0,0,1,0,0,0,0,1,0,0,0,1
567,0.0,"Stoytcheff, Mr. Ilia",19.0,0,0,7.8958,0,1,0,0,1,0,0,0,1,0,0,0,0,0,1,0,0,1
568,0.0,"Palsson, Mrs. Nils (Alma Cornelia Berglund)",29.0,0,4,21.075,1,0,0,0,1,0,0,0,0,1,0,0,1,0,0,0,0,1
569,0.0,"Doharr, Mr. Tannous",25.0,0,0,7.2292,0,1,0,0,1,0,0,0,1,0,0,0,0,0,1,1,0,0
570,1.0,"Jonsson, Mr. Carl",32.0,0,0,7.8542,0,1,0,0,1,0,0,0,1,0,0,0,0,0,1,0,0,1
571,1.0,"Harris, Mr. George",62.0,0,0,10.5,0,1,0,1,0,0,0,0,1,0,0,0,0,0,1,0,0,1
572,1.0,"Appleton, Mrs. Edward Dale (Charlotte Lamson)",53.0,2,0,51.4792,1,0,1,0,0,0,0,0,0,1,0,0,0,1,0,0,0,1
573,1.0,"Flynn, Mr. John Irwin (""Irving"")",36.0,0,0,26.3875,0,1,1,0,0,0,0,0,1,0,0,0,0,0,1,0,0,1
574,1.0,"Kelly, Miss. Mary",24.0,0,0,7.75,1,0,0,0,1,0,0,1,0,0,0,0,0,0,1,0,1,0
575,0.0,"Rush, Mr. Alfred George John",16.0,0,0,8.05,0,1,0,0,1,0,0,0,1,0,0,0,0,0,1,0,0,1
576,0.0,"Patchett, Mr. George",19.0,0,0,14.5,0,1,0,0,1,0,0,0,1,0,0,0,0,0,1,0,0,1
577,1.0,"Garside, Miss. Ethel",34.0,0,0,13.0,1,0,0,1,0,0,0,1,0,0,0,0,0,0,1,0,0,1
578,1.0,"Silvey, Mrs. William Baird (Alice Munger)",39.0,1,0,55.9,1,0,1,0,0,0,0,0,0,1,0,0,0,1,0,0,0,1
579,0.0,"Caram, Mrs. Joseph (Maria Elias)",25.0,1,0,14.4583,1,0,0,0,1,0,0,0,0,1,0,0,0,1,0,1,0,0
580,1.0,"Jussila, Mr. Eiriik",32.0,0,0,7.925,0,1,0,0,1,0,0,0,1,0,0,0,0,0,1,0,0,1
581,1.0,"Christy, Miss. Julie Rachel",25.0,1,1,30.0,1,0,0,1,0,0,0,1,0,0,0,0,0,1,0,0,0,1
582,1.0,"Thayer, Mrs. John Borland (Marian Longstreth Morris)",39.0,1,1,110.8833,1,0,1,0,0,0,0,0,0,1,0,0,0,1,0,1,0,0
583,0.0,"Downton, Mr. William James",54.0,0,0,26.0,0,1,0,1,0,0,0,0,1,0,0,0,0,0,1,0,0,1
584,0.0,"Ross, Mr. John Hugo",36.0,0,0,40.125,0,1,1,0,0,0,0,0,1,0,0,0,0,0,1,1,0,0
585,0.0,"Paulner, Mr. Uscher",28.0,0,0,8.7125,0,1,0,0,1,0,0,0,1,0,0,0,0,0,1,1,0,0
586,1.0,"Taussig, Miss. Ruth",18.0,0,2,79.65,1,0,1,0,0,0,0,1,0,0,0,0,0,1,0,0,0,1
587,0.0,"Jarvis, Mr. John Denzil",47.0,0,0,15.0,0,1,0,1,0,0,0,0,1,0,0,0,0,0,1,0,0,1
588,1.0,"Frolicher-Stehli, Mr. Maxmillian",60.0,1,1,79.2,0,1,1,0,0,0,0,0,1,0,0,0,0,1,0,1,0,0
589,0.0,"Gilinski, Mr. Eliezer",22.0,0,0,8.05,0,1,0,0,1,0,0,0,1,0,0,0,0,0,1,0,0,1
590,0.0,"Murdlin, Mr. Joseph",29.0,0,0,8.05,0,1,0,0,1,0,0,0,1,0,0,0,0,0,1,0,0,1
591,0.0,"Rintamaki, Mr. Matti",35.0,0,0,7.125,0,1,0,0,1,0,0,0,1,0,0,0,0,0,1,0,0,1
592,1.0,"Stephenson, Mrs. Walter Bertram (Martha Eustis)",52.0,1,0,78.2667,1,0,1,0,0,0,0,0,0,1,0,0,0,1,0,1,0,0
593,0.0,"Elsbury, Mr. William James",47.0,0,0,7.25,0,1,0,0,1,0,0,0,1,0,0,0,0,0,1,0,0,1
594,0.0,"Bourke, Miss. Mary",12.0,0,2,7.75,1,0,0,0,1,0,0,1,0,0,0,0,0,1,0,0,1,0
595,0.0,"Chapman, Mr. John Henry",37.0,1,0,26.0,0,1,0,1,0,0,0,0,1,0,0,0,0,1,0,0,0,1
596,0.0,"Van Impe, Mr. Jean Baptiste",36.0,1,1,24.15,0,1,0,0,1,0,0,0,1,0,0,0,0,1,0,0,0,1
597,1.0,"Leitch, Miss. Jessie Wills",24.0,0,0,33.0,1,0,0,1,0,0,0,1,0,0,0,0,0,0,1,0,0,1
598,0.0,"Johnson, Mr. Alfred",49.0,0,0,0.0,0,1,0,0,1,0,0,0,1,0,0,0,0,0,1,0,0,1
599,0.0,"Boulos, Mr. Hanna",27.0,0,0,7.225,0,1,0,0,1,0,0,0,1,0,0,0,0,0,1,1,0,0
600,1.0,"Duff Gordon, Sir. Cosmo Edmund (""Mr Morgan"")",49.0,1,0,56.9292,0,1,1,0,0,0,0,0,0,0,1,0,0,1,0,1,0,0
601,1.0,"Jacobsohn, Mrs. Sidney Samuel (Amy Frances Christy)",24.0,2,1,27.0,1,0,0,1,0,0,0,0,0,1,0,0,1,0,0,0,0,1
602,0.0,"Slabenoff, Mr. Petco",27.0,0,0,7.8958,0,1,0,0,1,0,0,0,1,0,0,0,0,0,1,0,0,1
603,0.0,"Harrington, Mr. Charles H",41.0,0,0,42.4,0,1,1,0,0,0,0,0,1,0,0,0,0,0,1,0,0,1
604,0.0,"Torber, Mr. Ernst William",44.0,0,0,8.05,0,1,0,0,1,0,0,0,1,0,0,0,0,0,1,0,0,1
605,1.0,"Homer, Mr. Harry (""Mr E Haven"")",35.0,0,0,26.55,0,1,1,0,0,0,0,0,1,0,0,0,0,0,1,1,0,0
606,0.0,"Lindell, Mr. Edvard Bengtsson",36.0,1,0,15.55,0,1,0,0,1,0,0,0,1,0,0,0,0,1,0,0,0,1
607,0.0,"Karaic, Mr. Milan",30.0,0,0,7.8958,0,1,0,0,1,0,0,0,1,0,0,0,0,0,1,0,0,1
608,1.0,"Daniel, Mr. Robert Williams",27.0,0,0,30.5,0,1,1,0,0,0,0,0,1,0,0,0,0,0,1,0,0,1
609,1.0,"Laroche, Mrs. Joseph (Juliette Marie Louise Lafargue)",22.0,1,2,41.5792,1,0,0,1,0,0,0,0,0,1,0,0,1,0,0,1,0,0
610,1.0,"Shutes, Miss. Elizabeth W",40.0,0,0,153.4625,1,0,1,0,0,0,0,1,0,0,0,0,0,0,1,0,0,1
611,0.0,"Andersson, Mrs. Anders Johan (Alfrida Konstantia Brogren)",39.0,1,5,31.275,1,0,0,0,1,0,0,0,0,1,0,0,1,0,0,0,0,1
612,0.0,"Jardin, Mr. Jose Neto",28.0,0,0,7.05,0,1,0,0,1,0,0,0,1,0,0,0,0,0,1,0,0,1
613,1.0,"Murphy, Miss. Margaret Jane",17.0,1,0,15.5,1,0,0,0,1,0,0,1,0,0,0,0,0,1,0,0,1,0
614,0.0,"Horgan, Mr. John",35.0,0,0,7.75,0,1,0,0,1,0,0,0,1,0,0,0,0,0,1,0,1,0
615,0.0,"Brocklebank, Mr. William Alfred",35.0,0,0,8.05,0,1,0,0,1,0,0,0,1,0,0,0,0,0,1,0,0,1
616,1.0,"Herman, Miss. Alice",24.0,1,2,65.0,1,0,0,1,0,0,0,1,0,0,0,0,1,0,0,0,0,1
617,0.0,"Danbom, Mr. Ernst Gilbert",34.0,1,1,14.4,0,1,0,0,1,0,0,0,1,0,0,0,0,1,0,0,0,1
618,0.0,"Lobb, Mrs. William Arthur (Cordelia K Stanlick)",26.0,1,0,16.1,1,0,0,0,1,0,0,0,0,1,0,0,0,1,0,0,0,1
619,1.0,"Becker, Miss. Marion Louise",4.0,2,1,39.0,1,0,0,1,0,0,0,1,0,0,0,0,1,0,0,0,0,1
620,0.0,"Gavey, Mr. Lawrence",26.0,0,0,10.5,0,1,0,1,0,0,0,0,1,0,0,0,0,0,1,0,0,1
621,0.0,"Yasbeck, Mr. Antoni",27.0,1,0,14.4542,0,1,0,0,1,0,0,0,1,0,0,0,0,1,0,1,0,0
622,1.0,"Kimball, Mr. Edwin Nelson Jr",42.0,1,0,52.5542,0,1,1,0,0,0,0,0,1,0,0,0,0,1,0,0,0,1
623,1.0,"Nakid, Mr. Sahid",20.0,1,1,15.7417,0,1,0,0,1,0,0,0,1,0,0,0,0,1,0,1,0,0
624,0.0,"Hansen, Mr. Henry Damsgaard",21.0,0,0,7.8542,0,1,0,0,1,0,0,0,1,0,0,0,0,0,1,0,0,1
625,0.0,"Bowen, Mr. David John ""Dai""",21.0,0,0,16.1,0,1,0,0,1,0,0,0,1,0,0,0,0,0,1,0,0,1
626,0.0,"Sutton, Mr. Frederick",61.0,0,0,32.3208,0,1,1,0,0,0,0,0,1,0,0,0,0,0,1,0,0,1
627,0.0,"Kirkland, Rev. Charles Leonard",57.0,0,0,12.35,0,1,0,1,0,0,0,0,0,0,0,1,0,0,1,0,1,0
628,1.0,"Longley, Miss. Gretchen Fiske",21.0,0,0,77.9583,1,0,1,0,0,0,0,1,0,0,0,0,0,0,1,0,0,1
629,0.0,"Bostandyeff, Mr. Guentcho",26.0,0,0,7.8958,0,1,0,0,1,0,0,0,1,0,0,0,0,0,1,0,0,1
630,0.0,"O'Connell, Mr. Patrick D",26.0,0,0,7.7333,0,1,0,0,1,0,0,0,1,0,0,0,0,0,1,0,1,0
631,1.0,"Barkworth, Mr. Algernon Henry Wilson",80.0,0,0,30.0,0,1,1,0,0,0,0,0,1,0,0,0,0,0,1,0,0,1
632,0.0,"Lundahl, Mr. Johan Svensson",51.0,0,0,7.0542,0,1,0,0,1,0,0,0,1,0,0,0,0,0,1,0,0,1
633,1.0,"Stahelin-Maeglin, Dr. Max",32.0,0,0,30.5,0,1,1,0,0,1,0,0,0,0,0,0,0,0,1,1,0,0
634,0.0,"Parr, Mr. William Henry Marsh",41.0,0,0,0.0,0,1,1,0,0,0,0,0,1,0,0,0,0,0,1,0,0,1
635,0.0,"Skoog, Miss. Mabel",9.0,3,2,27.9,1,0,0,0,1,0,0,1,0,0,0,0,1,0,0,0,0,1
636,1.0,"Davis, Miss. Mary",28.0,0,0,13.0,1,0,0,1,0,0,0,1,0,0,0,0,0,0,1,0,0,1
637,0.0,"Leinonen, Mr. Antti Gustaf",32.0,0,0,7.925,0,1,0,0,1,0,0,0,1,0,0,0,0,0,1,0,0,1
638,0.0,"Collyer, Mr. Harvey",31.0,1,1,26.25,0,1,0,1,0,0,0,0,1,0,0,0,0,1,0,0,0,1
639,0.0,"Panula, Mrs. Juha (Maria Emilia Ojala)",41.0,0,5,39.6875,1,0,0,0,1,0,0,0,0,1,0,0,1,0,0,0,0,1
640,0.0,"Thorneycroft, Mr. Percival",29.0,1,0,16.1,0,1,0,0,1,0,0,0,1,0,0,0,0,1,0,0,0,1
641,0.0,"Jensen, Mr. Hans Peder",20.0,0,0,7.8542,0,1,0,0,1,0,0,0,1,0,0,0,0,0,1,0,0,1
642,1.0,"Sagesser, Mlle. Emma",24.0,0,0,69.3,1,0,1,0,0,0,0,1,0,0,0,0,0,0,1,1,0,0
643,0.0,"Skoog, Miss. Margit Elizabeth",2.0,3,2,27.9,1,0,0,0,1,0,0,1,0,0,0,0,1,0,0,0,0,1
644,1.0,"Foo, Mr. Choong",29.0,0,0,56.4958,0,1,0,0,1,0,0,0,1,0,0,0,0,0,1,0,0,1
645,1.0,"Baclini, Miss. Eugenie",0.75,2,1,19.2583,1,0,0,0,1,0,0,1,0,0,0,0,1,0,0,1,0,0
646,1.0,"Harper, Mr. Henry Sleeper",48.0,1,0,76.7292,0,1,1,0,0,0,0,0,1,0,0,0,0,1,0,1,0,0
647,0.0,"Cor, Mr. Liudevit",19.0,0,0,7.8958,0,1,0,0,1,0,0,0,1,0,0,0,0,0,1,0,0,1
648,1.0,"Simonius-Blumer, Col. Oberst Alfons",56.0,0,0,35.5,0,1,1,0,0,0,0,0,0,0,0,1,0,0,1,1,0,0
649,0.0,"Willey, Mr. Edward",29.0,0,0,7.55,0,1,0,0,1,0,0,0,1,0,0,0,0,0,1,0,0,1
650,1.0,"Stanley, Miss. Amy Zillah Elsie",23.0,0,0,7.55,1,0,0,0,1,0,0,1,0,0,0,0,0,0,1,0,0,1
651,0.0,"Mitkoff, Mr. Mito",27.0,0,0,7.8958,0,1,0,0,1,0,0,0,1,0,0,0,0,0,1,0,0,1
652,1.0,"Doling, Miss. Elsie",18.0,0,1,23.0,1,0,0,1,0,0,0,1,0,0,0,0,0,1,0,0,0,1
653,0.0,"Kalvik, Mr. Johannes Halvorsen",21.0,0,0,8.4333,0,1,0,0,1,0,0,0,1,0,0,0,0,0,1,0,0,1
654,1.0,"O'Leary, Miss. Hanora ""Norah""",21.0,0,0,7.8292,1,0,0,0,1,0,0,1,0,0,0,0,0,0,1,0,1,0
655,0.0,"Hegarty, Miss. Hanora ""Nora""",18.0,0,0,6.75,1,0,0,0,1,0,0,1,0,0,0,0,0,0,1,0,1,0
656,0.0,"Hickman, Mr. Leonard Mark",24.0,2,0,73.5,0,1,0,1,0,0,0,0,1,0,0,0,0,1,0,0,0,1
657,0.0,"Radeff, Mr. Alexander",27.0,0,0,7.8958,0,1,0,0,1,0,0,0,1,0,0,0,0,0,1,0,0,1
658,0.0,"Bourke, Mrs. John (Catherine)",32.0,1,1,15.5,1,0,0,0,1,0,0,0,0,1,0,0,0,1,0,0,1,0
659,0.0,"Eitemiller, Mr. George Floyd",23.0,0,0,13.0,0,1,0,1,0,0,0,0,1,0,0,0,0,0,1,0,0,1
660,0.0,"Newell, Mr. Arthur Webster",58.0,0,2,113.275,0,1,1,0,0,0,0,0,1,0,0,0,0,1,0,1,0,0
661,1.0,"Frauenthal, Dr. Henry William",50.0,2,0,133.65,0,1,1,0,0,1,0,0,0,0,0,0,0,1,0,0,0,1
662,0.0,"Badt, Mr. Mohamed",40.0,0,0,7.225,0,1,0,0,1,0,0,0,1,0,0,0,0,0,1,1,0,0
663,0.0,"Colley, Mr. Edward Pomeroy",47.0,0,0,25.5875,0,1,1,0,0,0,0,0,1,0,0,0,0,0,1,0,0,1
664,0.0,"Coleff, Mr. Peju",36.0,0,0,7.4958,0,1,0,0,1,0,0,0,1,0,0,0,0,0,1,0,0,1
665,1.0,"Lindqvist, Mr. Eino William",20.0,1,0,7.925,0,1,0,0,1,0,0,0,1,0,0,0,0,1,0,0,0,1
666,0.0,"Hickman, Mr. Lewis",32.0,2,0,73.5,0,1,0,1,0,0,0,0,1,0,0,0,0,1,0,0,0,1
667,0.0,"Butler, Mr. Reginald Fenton",25.0,0,0,13.0,0,1,0,1,0,0,0,0,1,0,0,0,0,0,1,0,0,1
668,0.0,"Rommetvedt, Mr. Knud Paust",28.0,0,0,7.775,0,1,0,0,1,0,0,0,1,0,0,0,0,0,1,0,0,1
669,0.0,"Cook, Mr. Jacob",43.0,0,0,8.05,0,1,0,0,1,0,0,0,1,0,0,0,0,0,1,0,0,1
670,1.0,"Taylor, Mrs. Elmer Zebley (Juliet Cummins Wright)",39.0,1,0,52.0,1,0,1,0,0,0,0,0,0,1,0,0,0,1,0,0,0,1
671,1.0,"Brown, Mrs. Thomas William Solomon (Elizabeth Catherine Ford)",40.0,1,1,39.0,1,0,0,1,0,0,0,0,0,1,0,0,0,1,0,0,0,1
672,0.0,"Davidson, Mr. Thornton",31.0,1,0,52.0,0,1,1,0,0,0,0,0,1,0,0,0,0,1,0,0,0,1
673,0.0,"Mitchell, Mr. Henry Michael",70.0,0,0,10.5,0,1,0,1,0,0,0,0,1,0,0,0,0,0,1,0,0,1
674,1.0,"Wilhelms, Mr. Charles",31.0,0,0,13.0,0,1,0,1,0,0,0,0,1,0,0,0,0,0,1,0,0,1
675,0.0,"Watson, Mr. Ennis Hastings",32.0,0,0,0.0,0,1,0,1,0,0,0,0,1,0,0,0,0,0,1,0,0,1
676,0.0,"Edvardsson, Mr. Gustaf Hjalmar",18.0,0,0,7.775,0,1,0,0,1,0,0,0,1,0,0,0,0,0,1,0,0,1
677,0.0,"Sawyer, Mr. Frederick Charles",24.5,0,0,8.05,0,1,0,0,1,0,0,0,1,0,0,0,0,0,1,0,0,1
678,1.0,"Turja, Miss. Anna Sofia",18.0,0,0,9.8417,1,0,0,0,1,0,0,1,0,0,0,0,0,0,1,0,0,1
679,0.0,"Goodwin, Mrs. Frederick (Augusta Tyler)",43.0,1,6,46.9,1,0,0,0,1,0,0,0,0,1,0,0,1,0,0,0,0,1
680,1.0,"Cardeza, Mr. Thomas Drake Martinez",36.0,0,1,512.3292,0,1,1,0,0,0,0,0,1,0,0,0,0,1,0,1,0,0
681,0.0,"Peters, Miss. Katie",21.0,0,0,8.1375,1,0,0,0,1,0,0,1,0,0,0,0,0,0,1,0,1,0
682,1.0,"Hassab, Mr. Hammad",27.0,0,0,76.7292,0,1,1,0,0,0,0,0,1,0,0,0,0,0,1,1,0,0
683,0.0,"Olsvigen, Mr. Thor Anderson",20.0,0,0,9.225,0,1,0,0,1,0,0,0,1,0,0,0,0,0,1,0,0,1
684,0.0,"Goodwin, Mr. Charles Edward",14.0,5,2,46.9,0,1,0,0,1,0,0,0,1,0,0,0,1,0,0,0,0,1
685,0.0,"Brown, Mr. Thomas William Solomon",60.0,1,1,39.0,0,1,0,1,0,0,0,0,1,0,0,0,0,1,0,0,0,1
686,0.0,"Laroche, Mr. Joseph Philippe Lemercier",25.0,1,2,41.5792,0,1,0,1,0,0,0,0,1,0,0,0,1,0,0,1,0,0
687,0.0,"Panula, Mr. Jaako Arnold",14.0,4,1,39.6875,0,1,0,0,1,0,0,0,1,0,0,0,1,0,0,0,0,1
688,0.0,"Dakic, Mr. Branko",19.0,0,0,10.1708,0,1,0,0,1,0,0,0,1,0,0,0,0,0,1,0,0,1
689,0.0,"Fischer, Mr. Eberhard Thelander",18.0,0,0,7.7958,0,1,0,0,1,0,0,0,1,0,0,0,0,0,1,0,0,1
690,1.0,"Madill, Miss. Georgette Alexandra",15.0,0,1,211.3375,1,0,1,0,0,0,0,1,0,0,0,0,0,1,0,0,0,1
691,1.0,"Dick, Mr. Albert Adrian",31.0,1,0,57.0,0,1,1,0,0,0,0,0,1,0,0,0,0,1,0,0,0,1
692,1.0,"Karun, Miss. Manca",4.0,0,1,13.4167,1,0,0,0,1,0,0,1,0,0,0,0,0,1,0,1,0,0
693,1.0,"Lam, Mr. Ali",29.0,0,0,56.4958,0,1,0,0,1,0,0,0,1,0,0,0,0,0,1,0,0,1
694,0.0,"Saad, Mr. Khalil",25.0,0,0,7.225,0,1,0,0,1,0,0,0,1,0,0,0,0,0,1,1,0,0
695,0.0,"Weir, Col. John",60.0,0,0,26.55,0,1,1,0,0,0,0,0,0,0,0,1,0,0,1,0,0,1
696,0.0,"Chapman, Mr. Charles Henry",52.0,0,0,13.5,0,1,0,1,0,0,0,0,1,0,0,0,0,0,1,0,0,1
697,0.0,"Kelly, Mr. James",44.0,0,0,8.05,0,1,0,0,1,0,0,0,1,0,0,0,0,0,1,0,0,1
698,1.0,"Mullens, Miss. Katherine ""Katie""",21.0,0,0,7.7333,1,0,0,0,1,0,0,1,0,0,0,0,0,0,1,0,1,0
699,0.0,"Thayer, Mr. John Borland",49.0,1,1,110.8833,0,1,1,0,0,0,0,0,1,0,0,0,0,1,0,1,0,0
700,0.0,"Humblen, Mr. Adolf Mathias Nicolai Olsen",42.0,0,0,7.65,0,1,0,0,1,0,0,0,1,0,0,0,0,0,1,0,0,1
701,1.0,"Astor, Mrs. John Jacob (Madeleine Talmadge Force)",18.0,1,0,227.525,1,0,1,0,0,0,0,0,0,1,0,0,0,1,0,1,0,0
702,1.0,"Silverthorne, Mr. Spencer Victor",35.0,0,0,26.2875,0,1,1,0,0,0,0,0,1,0,0,0,0,0,1,0,0,1
703,0.0,"Barbara, Miss. Saiide",18.0,0,1,14.4542,1,0,0,0,1,0,0,1,0,0,0,0,0,1,0,1,0,0
704,0.0,"Gallagher, Mr. Martin",25.0,0,0,7.7417,0,1,0,0,1,0,0,0,1,0,0,0,0,0,1,0,1,0
705,0.0,"Hansen, Mr. Henrik Juul",26.0,1,0,7.8542,0,1,0,0,1,0,0,0,1,0,0,0,0,1,0,0,0,1
706,0.0,"Morley, Mr. Henry Samuel (""Mr Henry Marshall"")",39.0,0,0,26.0,0,1,0,1,0,0,0,0,1,0,0,0,0,0,1,0,0,1
707,1.0,"Kelly, Mrs. Florence ""Fannie""",45.0,0,0,13.5,1,0,0,1,0,0,0,0,0,1,0,0,0,0,1,0,0,1
708,1.0,"Calderhead, Mr. Edward Pennington",42.0,0,0,26.2875,0,1,1,0,0,0,0,0,1,0,0,0,0,0,1,0,0,1
709,1.0,"Cleaver, Miss. Alice",22.0,0,0,151.55,1,0,1,0,0,0,0,1,0,0,0,0,0,0,1,0,0,1
710,1.0,"Moubarek, Master. Halim Gonios (""William George"")",7.0,1,1,15.2458,0,1,0,0,1,0,1,0,0,0,0,0,0,1,0,1,0,0
711,1.0,"Mayne, Mlle. Berthe Antonine (""Mrs de Villiers"")",24.0,0,0,49.5042,1,0,1,0,0,0,0,1,0,0,0,0,0,0,1,1,0,0
712,0.0,"Klaber, Mr. Herman",45.0,0,0,26.55,0,1,1,0,0,0,0,0,1,0,0,0,0,0,1,0,0,1
713,1.0,"Taylor, Mr. Elmer Zebley",48.0,1,0,52.0,0,1,1,0,0,0,0,0,1,0,0,0,0,1,0,0,0,1
714,0.0,"Larsson, Mr. August Viktor",29.0,0,0,9.4833,0,1,0,0,1,0,0,0,1,0,0,0,0,0,1,0,0,1
715,0.0,"Greenberg, Mr. Samuel",52.0,0,0,13.0,0,1,0,1,0,0,0,0,1,0,0,0,0,0,1,0,0,1
716,0.0,"Soholt, Mr. Peter Andreas Lauritz Andersen",19.0,0,0,7.65,0,1,0,0,1,0,0,0,1,0,0,0,0,0,1,0,0,1
717,1.0,"Endres, Miss. Caroline Louise",38.0,0,0,227.525,1,0,1,0,0,0,0,1,0,0,0,0,0,0,1,1,0,0
718,1.0,"Troutt, Miss. Edwina Celia ""Winnie""",27.0,0,0,10.5,1,0,0,1,0,0,0,1,0,0,0,0,0,0,1,0,0,1
719,0.0,"McEvoy, Mr. Michael",34.0,0,0,15.5,0,1,0,0,1,0,0,0,1,0,0,0,0,0,1,0,1,0
720,0.0,"Johnson, Mr. Malkolm Joackim",33.0,0,0,7.775,0,1,0,0,1,0,0,0,1,0,0,0,0,0,1,0,0,1
721,1.0,"Harper, Miss. Annie Jessie ""Nina""",6.0,0,1,33.0,1,0,0,1,0,0,0,1,0,0,0,0,0,1,0,0,0,1
722,0.0,"Jensen, Mr. Svend Lauritz",17.0,1,0,7.0542,0,1,0,0,1,0,0,0,1,0,0,0,0,1,0,0,0,1
723,0.0,"Gillespie, Mr. William Henry",34.0,0,0,13.0,0,1,0,1,0,0,0,0,1,0,0,0,0,0,1,0,0,1
724,0.0,"Hodges, Mr. Henry Price",50.0,0,0,13.0,0,1,0,1,0,0,0,0,1,0,0,0,0,0,1,0,0,1
725,1.0,"Chambers, Mr. Norman Campbell",27.0,1,0,53.1,0,1,1,0,0,0,0,0,1,0,0,0,0,1,0,0,0,1
726,0.0,"Oreskovic, Mr. Luka",20.0,0,0,8.6625,0,1,0,0,1,0,0,0,1,0,0,0,0,0,1,0,0,1
727,1.0,"Renouf, Mrs. Peter Henry (Lillian Jefferys)",30.0,3,0,21.0,1,0,0,1,0,0,0,0,0,1,0,0,1,0,0,0,0,1
728,1.0,"Mannion, Miss. Margareth",21.0,0,0,7.7375,1,0,0,0,1,0,0,1,0,0,0,0,0,0,1,0,1,0
729,0.0,"Bryhl, Mr. Kurt Arnold Gottfrid",25.0,1,0,26.0,0,1,0,1,0,0,0,0,1,0,0,0,0,1,0,0,0,1
730,0.0,"Ilmakangas, Miss. Pieta Sofia",25.0,1,0,7.925,1,0,0,0,1,0,0,1,0,0,0,0,0,1,0,0,0,1
731,1.0,"Allen, Miss. Elisabeth Walton",29.0,0,0,211.3375,1,0,1,0,0,0,0,1,0,0,0,0,0,0,1,0,0,1
732,0.0,"Hassan, Mr. Houssein G N",11.0,0,0,18.7875,0,1,0,0,1,0,0,0,1,0,0,0,0,0,1,1,0,0
733,0.0,"Knight, Mr. Robert J",32.0,0,0,0.0,0,1,0,1,0,0,0,0,1,0,0,0,0,0,1,0,0,1
734,0.0,"Berriman, Mr. William John",23.0,0,0,13.0,0,1,0,1,0,0,0,0,1,0,0,0,0,0,1,0,0,1
735,0.0,"Troupiansky, Mr. Moses Aaron",23.0,0,0,13.0,0,1,0,1,0,0,0,0,1,0,0,0,0,0,1,0,0,1
736,0.0,"Williams, Mr. Leslie",28.5,0,0,16.1,0,1,0,0,1,0,0,0,1,0,0,0,0,0,1,0,0,1
737,0.0,"Ford, Mrs. Edward (Margaret Ann Watson)",48.0,1,3,34.375,1,0,0,0,1,0,0,0,0,1,0,0,1,0,0,0,0,1
738,1.0,"Lesurer, Mr. Gustave J",35.0,0,0,512.3292,0,1,1,0,0,0,0,0,1,0,0,0,0,0,1,1,0,0
739,0.0,"Ivanoff, Mr. Kanio",27.0,0,0,7.8958,0,1,0,0,1,0,0,0,1,0,0,0,0,0,1,0,0,1
740,0.0,"Nankoff, Mr. Minko",27.0,0,0,7.8958,0,1,0,0,1,0,0,0,1,0,0,0,0,0,1,0,0,1
741,1.0,"Hawksford, Mr. Walter James",46.0,0,0,30.0,0,1,1,0,0,0,0,0,1,0,0,0,0,0,1,0,0,1
742,0.0,"Cavendish, Mr. Tyrell William",36.0,1,0,78.85,0,1,1,0,0,0,0,0,1,0,0,0,0,1,0,0,0,1
743,1.0,"Ryerson, Miss. Susan Parker ""Suzette""",21.0,2,2,262.375,1,0,1,0,0,0,0,1,0,0,0,0,1,0,0,1,0,0
744,0.0,"McNamee, Mr. Neal",24.0,1,0,16.1,0,1,0,0,1,0,0,0,1,0,0,0,0,1,0,0,0,1
745,1.0,"Stranden, Mr. Juho",31.0,0,0,7.925,0,1,0,0,1,0,0,0,1,0,0,0,0,0,1,0,0,1
746,0.0,"Crosby, Capt. Edward Gifford",70.0,1,1,71.0,0,1,1,0,0,0,0,0,0,0,0,1,0,1,0,0,0,1
747,0.0,"Abbott, Mr. Rossmore Edward",16.0,1,1,20.25,0,1,0,0,1,0,0,0,1,0,0,0,0,1,0,0,0,1
748,1.0,"Sinkkonen, Miss. Anna",30.0,0,0,13.0,1,0,0,1,0,0,0,1,0,0,0,0,0,0,1,0,0,1
749,0.0,"Marvin, Mr. Daniel Warner",19.0,1,0,53.1,0,1,1,0,0,0,0,0,1,0,0,0,0,1,0,0,0,1
750,0.0,"Connaghton, Mr. Michael",31.0,0,0,7.75,0,1,0,0,1,0,0,0,1,0,0,0,0,0,1,0,1,0
751,1.0,"Wells, Miss. Joan",4.0,1,1,23.0,1,0,0,1,0,0,0,1,0,0,0,0,0,1,0,0,0,1
752,1.0,"Moor, Master. Meier",6.0,0,1,12.475,0,1,0,0,1,0,1,0,0,0,0,0,0,1,0,0,0,1
753,0.0,"Vande Velde, Mr. Johannes Joseph",33.0,0,0,9.5,0,1,0,0,1,0,0,0,1,0,0,0,0,0,1,0,0,1
754,0.0,"Jonkoff, Mr. Lalio",23.0,0,0,7.8958,0,1,0,0,1,0,0,0,1,0,0,0,0,0,1,0,0,1
755,1.0,"Herman, Mrs. Samuel (Jane Laver)",48.0,1,2,65.0,1,0,0,1,0,0,0,0,0,1,0,0,1,0,0,0,0,1
756,1.0,"Hamalainen, Master. Viljo",0.67,1,1,14.5,0,1,0,1,0,0,1,0,0,0,0,0,0,1,0,0,0,1
757,0.0,"Carlsson, Mr. August Sigfrid",28.0,0,0,7.7958,0,1,0,0,1,0,0,0,1,0,0,0,0,0,1,0,0,1
758,0.0,"Bailey, Mr. Percy Andrew",18.0,0,0,11.5,0,1,0,1,0,0,0,0,1,0,0,0,0,0,1,0,0,1
759,0.0,"Theobald, Mr. Thomas Leonard",34.0,0,0,8.05,0,1,0,0,1,0,0,0,1,0,0,0,0,0,1,0,0,1
760,1.0,"Rothes, the Countess. of (Lucy Noel Martha Dyer-Edwards)",33.0,0,0,86.5,1,0,1,0,0,0,0,0,0,0,1,0,0,0,1,0,0,1
761,0.0,"Garfirth, Mr. John",32.0,0,0,14.5,0,1,0,0,1,0,0,0,1,0,0,0,0,0,1,0,0,1
762,0.0,"Nirva, Mr. Iisakki Antino Aijo",41.0,0,0,7.125,0,1,0,0,1,0,0,0,1,0,0,0,0,0,1,0,0,1
763,1.0,"Barah, Mr. Hanna Assi",20.0,0,0,7.2292,0,1,0,0,1,0,0,0,1,0,0,0,0,0,1,1,0,0
764,1.0,"Carter, Mrs. William Ernest (Lucile Polk)",36.0,1,2,120.0,1,0,1,0,0,0,0,0,0,1,0,0,1,0,0,0,0,1
765,0.0,"Eklund, Mr. Hans Linus",16.0,0,0,7.775,0,1,0,0,1,0,0,0,1,0,0,0,0,0,1,0,0,1
766,1.0,"Hogeboom, Mrs. John C (Anna Andrews)",51.0,1,0,77.9583,1,0,1,0,0,0,0,0,0,1,0,0,0,1,0,0,0,1
767,0.0,"Brewe, Dr. Arthur Jackson",42.0,0,0,39.6,0,1,1,0,0,1,0,0,0,0,0,0,0,0,1,1,0,0
768,0.0,"Mangan, Miss. Mary",30.5,0,0,7.75,1,0,0,0,1,0,0,1,0,0,0,0,0,0,1,0,1,0
769,0.0,"Moran, Mr. Daniel J",30.0,1,0,24.15,0,1,0,0,1,0,0,0,1,0,0,0,0,1,0,0,1,0
770,0.0,"Gronnestad, Mr. Daniel Danielsen",32.0,0,0,8.3625,0,1,0,0,1,0,0,0,1,0,0,0,0,0,1,0,0,1
771,0.0,"Lievens, Mr. Rene Aime",24.0,0,0,9.5,0,1,0,0,1,0,0,0,1,0,0,0,0,0,1,0,0,1
772,0.0,"Jensen, Mr. Niels Peder",48.0,0,0,7.8542,0,1,0,0,1,0,0,0,1,0,0,0,0,0,1,0,0,1
773,0.0,"Mack, Mrs. (Mary)",57.0,0,0,10.5,1,0,0,1,0,0,0,0,0,1,0,0,0,0,1,0,0,1
774,0.0,"Elias, Mr. Dibo",27.0,0,0,7.225,0,1,0,0,1,0,0,0,1,0,0,0,0,0,1,1,0,0
775,1.0,"Hocking, Mrs. Elizabeth (Eliza Needs)",54.0,1,3,23.0,1,0,0,1,0,0,0,0,0,1,0,0,1,0,0,0,0,1
776,0.0,"Myhrman, Mr. Pehr Fabian Oliver Malkolm",18.0,0,0,7.75,0,1,0,0,1,0,0,0,1,0,0,0,0,0,1,0,0,1
777,0.0,"Tobin, Mr. Roger",35.0,0,0,7.75,0,1,0,0,1,0,0,0,1,0,0,0,0,0,1,0,1,0
778,1.0,"Emanuel, Miss. Virginia Ethel",5.0,0,0,12.475,1,0,0,0,1,0,0,1,0,0,0,0,0,0,1,0,0,1
779,0.0,"Kilgannon, Mr. Thomas J",26.0,0,0,7.7375,0,1,0,0,1,0,0,0,1,0,0,0,0,0,1,0,1,0
780,1.0,"Robert, Mrs. Edward Scott (Elisabeth Walton McMillan)",43.0,0,1,211.3375,1,0,1,0,0,0,0,0,0,1,0,0,0,1,0,0,0,1
781,1.0,"Ayoub, Miss. Banoura",13.0,0,0,7.2292,1,0,0,0,1,0,0,1,0,0,0,0,0,0,1,1,0,0
782,1.0,"Dick, Mrs. Albert Adrian (Vera Gillespie)",17.0,1,0,57.0,1,0,1,0,0,0,0,0,0,1,0,0,0,1,0,0,0,1
783,0.0,"Long, Mr. Milton Clyde",29.0,0,0,30.0,0,1,1,0,0,0,0,0,1,0,0,0,0,0,1,0,0,1
784,0.0,"Johnston, Mr. Andrew G",27.0,1,2,23.45,0,1,0,0,1,0,0,0,1,0,0,0,1,0,0,0,0,1
785,0.0,"Ali, Mr. William",25.0,0,0,7.05,0,1,0,0,1,0,0,0,1,0,0,0,0,0,1,0,0,1
786,0.0,"Harmer, Mr. Abraham (David Lishin)",25.0,0,0,7.25,0,1,0,0,1,0,0,0,1,0,0,0,0,0,1,0,0,1
787,1.0,"Sjoblom, Miss. Anna Sofia",18.0,0,0,7.4958,1,0,0,0,1,0,0,1,0,0,0,0,0,0,1,0,0,1
788,0.0,"Rice, Master. George Hugh",8.0,4,1,29.125,0,1,0,0,1,0,1,0,0,0,0,0,1,0,0,0,1,0
789,1.0,"Dean, Master. Bertram Vere",1.0,1,2,20.575,0,1,0,0,1,0,1,0,0,0,0,0,1,0,0,0,0,1
790,0.0,"Guggenheim, Mr. Benjamin",46.0,0,0,79.2,0,1,1,0,0,0,0,0,1,0,0,0,0,0,1,1,0,0
791,0.0,"Keane, Mr. Andrew ""Andy""",35.0,0,0,7.75,0,1,0,0,1,0,0,0,1,0,0,0,0,0,1,0,1,0
792,0.0,"Gaskell, Mr. Alfred",16.0,0,0,26.0,0,1,0,1,0,0,0,0,1,0,0,0,0,0,1,0,0,1
793,0.0,"Sage, Miss. Stella Anna",14.0,8,2,69.55,1,0,0,0,1,0,0,1,0,0,0,0,1,0,0,0,0,1
794,0.0,"Hoyt, Mr. William Fisher",43.0,0,0,30.6958,0,1,1,0,0,0,0,0,1,0,0,0,0,0,1,1,0,0
795,0.0,"Dantcheff, Mr. Ristiu",25.0,0,0,7.8958,0,1,0,0,1,0,0,0,1,0,0,0,0,0,1,0,0,1
796,0.0,"Otter, Mr. Richard",39.0,0,0,13.0,0,1,0,1,0,0,0,0,1,0,0,0,0,0,1,0,0,1
797,1.0,"Leader, Dr. Alice (Farnham)",49.0,0,0,25.9292,1,0,1,0,0,1,0,0,0,0,0,0,0,0,1,0,0,1
798,1.0,"Osman, Mrs. Mara",31.0,0,0,8.6833,1,0,0,0,1,0,0,0,0,1,0,0,0,0,1,0,0,1
799,0.0,"Ibrahim Shawah, Mr. Yousseff",30.0,0,0,7.2292,0,1,0,0,1,0,0,0,1,0,0,0,0,0,1,1,0,0
800,0.0,"Van Impe, Mrs. Jean Baptiste (Rosalie Paula Govaert)",30.0,1,1,24.15,1,0,0,0,1,0,0,0,0,1,0,0,0,1,0,0,0,1
801,0.0,"Ponesell, Mr. Martin",34.0,0,0,13.0,0,1,0,1,0,0,0,0,1,0,0,0,0,0,1,0,0,1
802,1.0,"Collyer, Mrs. Harvey (Charlotte Annie Tate)",31.0,1,1,26.25,1,0,0,1,0,0,0,0,0,1,0,0,0,1,0,0,0,1
803,1.0,"Carter, Master. William Thornton II",11.0,1,2,120.0,0,1,1,0,0,0,1,0,0,0,0,0,1,0,0,0,0,1
804,1.0,"Thomas, Master. Assad Alexander",0.42,0,1,8.5167,0,1,0,0,1,0,1,0,0,0,0,0,0,1,0,1,0,0
805,1.0,"Hedman, Mr. Oskar Arvid",27.0,0,0,6.975,0,1,0,0,1,0,0,0,1,0,0,0,0,0,1,0,0,1
806,0.0,"Johansson, Mr. Karl Johan",31.0,0,0,7.775,0,1,0,0,1,0,0,0,1,0,0,0,0,0,1,0,0,1
807,0.0,"Andrews, Mr. Thomas Jr",39.0,0,0,0.0,0,1,1,0,0,0,0,0,1,0,0,0,0,0,1,0,0,1
808,0.0,"Pettersson, Miss. Ellen Natalia",18.0,0,0,7.775,1,0,0,0,1,0,0,1,0,0,0,0,0,0,1,0,0,1
809,0.0,"Meyer, Mr. August",39.0,0,0,13.0,0,1,0,1,0,0,0,0,1,0,0,0,0,0,1,0,0,1
810,1.0,"Chambers, Mrs. Norman Campbell (Bertha Griggs)",33.0,1,0,53.1,1,0,1,0,0,0,0,0,0,1,0,0,0,1,0,0,0,1
811,0.0,"Alexander, Mr. William",26.0,0,0,7.8875,0,1,0,0,1,0,0,0,1,0,0,0,0,0,1,0,0,1
812,0.0,"Lester, Mr. James",39.0,0,0,24.15,0,1,0,0,1,0,0,0,1,0,0,0,0,0,1,0,0,1
813,0.0,"Slemen, Mr. Richard James",35.0,0,0,10.5,0,1,0,1,0,0,0,0,1,0,0,0,0,0,1,0,0,1
814,0.0,"Andersson, Miss. Ebba Iris Alfrida",6.0,4,2,31.275,1,0,0,0,1,0,0,1,0,0,0,0,1,0,0,0,0,1
815,0.0,"Tomlin, Mr. Ernest Portage",30.5,0,0,8.05,0,1,0,0,1,0,0,0,1,0,0,0,0,0,1,0,0,1
816,0.0,"Fry, Mr. Richard",41.0,0,0,0.0,0,1,1,0,0,0,0,0,1,0,0,0,0,0,1,0,0,1
817,0.0,"Heininen, Miss. Wendla Maria",23.0,0,0,7.925,1,0,0,0,1,0,0,1,0,0,0,0,0,0,1,0,0,1
818,0.0,"Mallet, Mr. Albert",31.0,1,1,37.0042,0,1,0,1,0,0,0,0,1,0,0,0,0,1,0,1,0,0
819,0.0,"Holm, Mr. John Fredrik Alexander",43.0,0,0,6.45,0,1,0,0,1,0,0,0,1,0,0,0,0,0,1,0,0,1
820,0.0,"Skoog, Master. Karl Thorsten",10.0,3,2,27.9,0,1,0,0,1,0,1,0,0,0,0,0,1,0,0,0,0,1
821,1.0,"Hays, Mrs. Charles Melville (Clara Jennings Gregg)",52.0,1,1,93.5,1,0,1,0,0,0,0,0,0,1,0,0,0,1,0,0,0,1
822,1.0,"Lulic, Mr. Nikola",27.0,0,0,8.6625,0,1,0,0,1,0,0,0,1,0,0,0,0,0,1,0,0,1
823,0.0,"Reuchlin, Jonkheer. John George",38.0,0,0,0.0,0,1,1,0,0,0,0,0,0,0,1,0,0,0,1,0,0,1
824,1.0,"Moor, Mrs. (Beila)",27.0,0,1,12.475,1,0,0,0,1,0,0,0,0,1,0,0,0,1,0,0,0,1
825,0.0,"Panula, Master. Urho Abraham",2.0,4,1,39.6875,0,1,0,0,1,0,1,0,0,0,0,0,1,0,0,0,0,1
826,0.0,"Flynn, Mr. John",26.0,0,0,6.95,0,1,0,0,1,0,0,0,1,0,0,0,0,0,1,0,1,0
827,0.0,"Lam, Mr. Len",29.0,0,0,56.4958,0,1,0,0,1,0,0,0,1,0,0,0,0,0,1,0,0,1
828,1.0,"Mallet, Master. Andre",1.0,0,2,37.0042,0,1,0,1,0,0,1,0,0,0,0,0,0,1,0,1,0,0
829,1.0,"McCormack, Mr. Thomas Joseph",35.0,0,0,7.75,0,1,0,0,1,0,0,0,1,0,0,0,0,0,1,0,1,0
830,1.0,"Stone, Mrs. George Nelson (Martha Evelyn)",62.0,0,0,80.0,1,0,1,0,0,0,0,0,0,1,0,0,0,0,1,0,0,1
831,1.0,"Yasbeck, Mrs. Antoni (Selini Alexander)",15.0,1,0,14.4542,1,0,0,0,1,0,0,0,0,1,0,0,0,1,0,1,0,0
832,1.0,"Richards, Master. George Sibley",0.83,1,1,18.75,0,1,0,1,0,0,1,0,0,0,0,0,0,1,0,0,0,1
833,0.0,"Saad, Mr. Amin",25.0,0,0,7.2292,0,1,0,0,1,0,0,0,1,0,0,0,0,0,1,1,0,0
834,0.0,"Augustsson, Mr. Albert",23.0,0,0,7.8542,0,1,0,0,1,0,0,0,1,0,0,0,0,0,1,0,0,1
835,0.0,"Allum, Mr. Owen George",18.0,0,0,8.3,0,1,0,0,1,0,0,0,1,0,0,0,0,0,1,0,0,1
836,1.0,"Compton, Miss. Sara Rebecca",39.0,1,1,83.1583,1,0,1,0,0,0,0,1,0,0,0,0,0,1,0,1,0,0
837,0.0,"Pasic, Mr. Jakob",21.0,0,0,8.6625,0,1,0,0,1,0,0,0,1,0,0,0,0,0,1,0,0,1
838,0.0,"Sirota, Mr. Maurice",29.0,0,0,8.05,0,1,0,0,1,0,0,0,1,0,0,0,0,0,1,0,0,1
839,1.0,"Chip, Mr. Chang",32.0,0,0,56.4958,0,1,0,0,1,0,0,0,1,0,0,0,0,0,1,0,0,1
840,1.0,"Marechal, Mr. Pierre",42.0,0,0,29.7,0,1,1,0,0,0,0,0,1,0,0,0,0,0,1,1,0,0
841,0.0,"Alhomaki, Mr. Ilmari Rudolf",20.0,0,0,7.925,0,1,0,0,1,0,0,0,1,0,0,0,0,0,1,0,0,1
842,0.0,"Mudd, Mr. Thomas Charles",16.0,0,0,10.5,0,1,0,1,0,0,0,0,1,0,0,0,0,0,1,0,0,1
843,1.0,"Serepeca, Miss. Augusta",30.0,0,0,31.0,1,0,1,0,0,0,0,1,0,0,0,0,0,0,1,1,0,0
844,0.0,"Lemberopolous, Mr. Peter L",34.5,0,0,6.4375,0,1,0,0,1,0,0,0,1,0,0,0,0,0,1,1,0,0
845,0.0,"Culumovic, Mr. Jeso",17.0,0,0,8.6625,0,1,0,0,1,0,0,0,1,0,0,0,0,0,1,0,0,1
846,0.0,"Abbing, Mr. Anthony",42.0,0,0,7.55,0,1,0,0,1,0,0,0,1,0,0,0,0,0,1,0,0,1
847,0.0,"Sage, Mr. Douglas Bullen",20.0,8,2,69.55,0,1,0,0,1,0,0,0,1,0,0,0,1,0,0,0,0,1
848,0.0,"Markoff, Mr. Marin",35.0,0,0,7.8958,0,1,0,0,1,0,0,0,1,0,0,0,0,0,1,1,0,0
849,0.0,"Harper, Rev. John",28.0,0,1,33.0,0,1,0,1,0,0,0,0,0,0,0,1,0,1,0,0,0,1
850,1.0,"Goldenberg, Mrs. Samuel L (Edwiga Grabowska)",36.0,1,0,89.1042,1,0,1,0,0,0,0,0,0,1,0,0,0,1,0,1,0,0
851,0.0,"Andersson, Master. Sigvard Harald Elias",4.0,4,2,31.275,0,1,0,0,1,0,1,0,0,0,0,0,1,0,0,0,0,1
852,0.0,"Svensson, Mr. Johan",74.0,0,0,7.775,0,1,0,0,1,0,0,0,1,0,0,0,0,0,1,0,0,1
853,0.0,"Boulos, Miss. Nourelain",9.0,1,1,15.2458,1,0,0,0,1,0,0,1,0,0,0,0,0,1,0,1,0,0
854,1.0,"Lines, Miss. Mary Conover",16.0,0,1,39.4,1,0,1,0,0,0,0,1,0,0,0,0,0,1,0,0,0,1
855,0.0,"Carter, Mrs. Ernest Courtenay (Lilian Hughes)",44.0,1,0,26.0,1,0,0,1,0,0,0,0,0,1,0,0,0,1,0,0,0,1
856,1.0,"Aks, Mrs. Sam (Leah Rosen)",18.0,0,1,9.35,1,0,0,0,1,0,0,0,0,1,0,0,0,1,0,0,0,1
857,1.0,"Wick, Mrs. George Dennick (Mary Hitchcock)",45.0,1,1,164.8667,1,0,1,0,0,0,0,0,0,1,0,0,0,1,0,0,0,1
858,1.0,"Daly, Mr. Peter Denis ",51.0,0,0,26.55,0,1,1,0,0,0,0,0,1,0,0,0,0,0,1,0,0,1
859,1.0,"Baclini, Mrs. Solomon (Latifa Qurban)",24.0,0,3,19.2583,1,0,0,0,1,0,0,0,0,1,0,0,1,0,0,1,0,0
860,0.0,"Razi, Mr. Raihed",25.0,0,0,7.2292,0,1,0,0,1,0,0,0,1,0,0,0,0,0,1,1,0,0
861,0.0,"Hansen, Mr. Claus Peter",41.0,2,0,14.1083,0,1,0,0,1,0,0,0,1,0,0,0,0,1,0,0,0,1
862,0.0,"Giles, Mr. Frederick Edward",21.0,1,0,11.5,0,1,0,1,0,0,0,0,1,0,0,0,0,1,0,0,0,1
863,1.0,"Swift, Mrs. Frederick Joel (Margaret Welles Barron)",48.0,0,0,25.9292,1,0,1,0,0,0,0,0,0,1,0,0,0,0,1,0,0,1
864,0.0,"Sage, Miss. Dorothy Edith ""Dolly""",14.0,8,2,69.55,1,0,0,0,1,0,0,1,0,0,0,0,1,0,0,0,0,1
865,0.0,"Gill, Mr. John William",24.0,0,0,13.0,0,1,0,1,0,0,0,0,1,0,0,0,0,0,1,0,0,1
866,1.0,"Bystrom, Mrs. (Karolina)",42.0,0,0,13.0,1,0,0,1,0,0,0,0,0,1,0,0,0,0,1,0,0,1
867,1.0,"Duran y More, Miss. Asuncion",27.0,1,0,13.8583,1,0,0,1,0,0,0,1,0,0,0,0,0,1,0,1,0,0
868,0.0,"Roebling, Mr. Washington Augustus II",31.0,0,0,50.4958,0,1,1,0,0,0,0,0,1,0,0,0,0,0,1,0,0,1
869,0.0,"van Melkebeke, Mr. Philemon",27.0,0,0,9.5,0,1,0,0,1,0,0,0,1,0,0,0,0,0,1,0,0,1
870,1.0,"Johnson, Master. Harold Theodor",4.0,1,1,11.1333,0,1,0,0,1,0,1,0,0,0,0,0,0,1,0,0,0,1
871,0.0,"Balkic, Mr. Cerin",26.0,0,0,7.8958,0,1,0,0,1,0,0,0,1,0,0,0,0,0,1,0,0,1
872,1.0,"Beckwith, Mrs. Richard Leonard (Sallie Monypeny)",47.0,1,1,52.5542,1,0,1,0,0,0,0,0,0,1,0,0,0,1,0,0,0,1
873,0.0,"Carlsson, Mr. Frans Olof",33.0,0,0,5.0,0,1,1,0,0,0,0,0,1,0,0,0,0,0,1,0,0,1
874,0.0,"Vander Cruyssen, Mr. Victor",47.0,0,0,9.0,0,1,0,0,1,0,0,0,1,0,0,0,0,0,1,0,0,1
875,1.0,"Abelson, Mrs. Samuel (Hannah Wizosky)",28.0,1,0,24.0,1,0,0,1,0,0,0,0,0,1,0,0,0,1,0,1,0,0
876,1.0,"Najib, Miss. Adele Kiamie ""Jane""",15.0,0,0,7.225,1,0,0,0,1,0,0,1,0,0,0,0,0,0,1,1,0,0
877,0.0,"Gustafsson, Mr. Alfred Ossian",20.0,0,0,9.8458,0,1,0,0,1,0,0,0,1,0,0,0,0,0,1,0,0,1
878,0.0,"Petroff, Mr. Nedelio",19.0,0,0,7.8958,0,1,0,0,1,0,0,0,1,0,0,0,0,0,1,0,0,1
879,0.0,"Laleff, Mr. Kristo",27.0,0,0,7.8958,0,1,0,0,1,0,0,0,1,0,0,0,0,0,1,0,0,1
880,1.0,"Potter, Mrs. Thomas Jr (Lily Alexenia Wilson)",56.0,0,1,83.1583,1,0,1,0,0,0,0,0,0,1,0,0,0,1,0,1,0,0
881,1.0,"Shelley, Mrs. William (Imanita Parrish Hall)",25.0,0,1,26.0,1,0,0,1,0,0,0,0,0,1,0,0,0,1,0,0,0,1
882,0.0,"Markun, Mr. Johann",33.0,0,0,7.8958,0,1,0,0,1,0,0,0,1,0,0,0,0,0,1,0,0,1
883,0.0,"Dahlberg, Miss. Gerda Ulrika",22.0,0,0,10.5167,1,0,0,0,1,0,0,1,0,0,0,0,0,0,1,0,0,1
884,0.0,"Banfield, Mr. Frederick James",28.0,0,0,10.5,0,1,0,1,0,0,0,0,1,0,0,0,0,0,1,0,0,1
885,0.0,"Sutehall, Mr. Henry Jr",25.0,0,0,7.05,0,1,0,0,1,0,0,0,1,0,0,0,0,0,1,0,0,1
886,0.0,"Rice, Mrs. William (Margaret Norton)",39.0,0,5,29.125,1,0,0,0,1,0,0,0,0,1,0,0,1,0,0,0,1,0
887,0.0,"Montvila, Rev. Juozas",27.0,0,0,13.0,0,1,0,1,0,0,0,0,0,0,0,1,0,0,1,0,0,1
888,1.0,"Graham, Miss. Margaret Edith",19.0,0,0,30.0,1,0,1,0,0,0,0,1,0,0,0,0,0,0,1,0,0,1
889,0.0,"Johnston, Miss. Catherine Helen ""Carrie""",8.0,1,2,23.45,1,0,0,0,1,0,0,1,0,0,0,0,1,0,0,0,0,1
890,1.0,"Behr, Mr. Karl Howell",26.0,0,0,30.0,0,1,1,0,0,0,0,0,1,0,0,0,0,0,1,1,0,0
891,0.0,"Dooley, Mr. Patrick",32.0,0,0,7.75,0,1,0,0,1,0,0,0,1,0,0,0,0,0,1,0,1,0
